,Name,Status,Probability
0,ANYDIFAASZFQNB-UHFFFAOYSA-N,1,0.6590909090909091
1,IOMMMLWIABWRKL-PPXNXDGCSA-N,1,0.5909090909090909
2,HEROWVQMOQJATR-BJKOFHAPSA-N,1,0.5909090909090909
3,YWUWVJIKGDPRGG-HXUWFJFHSA-N,1,1.0
4,TUOYPHBELCPBEP-MHWRWJLKSA-N,1,1.0
5,IHOMWAXTZMKLAT-YRNVUSSQSA-N,1,1.0
6,QMOMMXJIWOGYPC-NBILRRPASA-N,1,0.5909090909090909
7,ZLUYWPBOVFZNTG-JOCHJYFZSA-N,1,1.0
8,YXQYYLNZEWUXMD-YRNVUSSQSA-N,1,1.0
9,UKXVGRNSIJPYFK-LEBWJFOGSA-N,1,0.5909090909090909
10,LLHVBBNWHPGSMK-OAQYLSRUSA-N,1,1.0
11,CUUIZWDRZDSZDF-XYOKQWHBSA-N,1,1.0
12,IMFKETJITRYFOH-HSZRJFAPSA-N,1,0.5909090909090909
13,WHRFEMBJCGIWOS-YRNVUSSQSA-N,1,1.0
14,CVQCRGYFEVUAFL-NBILRRPASA-N,1,0.5909090909090909
15,XGUZPQIZIJVNGA-RUZDIDTESA-N,1,0.5909090909090909
16,JCZBWKAZYQYRIU-WUTDNEBXSA-N,1,0.6590909090909091
17,AWBUREOGISEZHO-GOSISDBHSA-N,1,0.5909090909090909
18,FYAQLKIYMBLKPU-RIYZIHGNSA-N,1,1.0
19,ZTBKGGLGDMLJCS-WUTDNEBXSA-N,1,1.0
20,KIEXMVITNVJBEJ-NBILRRPASA-N,1,1.0
21,HOGMYEVJFOYANZ-MRXNPFEDSA-N,1,0.6136363636363636
22,MWUUNVOAGXGSPR-OAQYLSRUSA-N,1,1.0
23,WCIYIWDPEBHZME-HSZRJFAPSA-N,1,0.5909090909090909
24,ADZYAMHZRTVCHD-ZAOIQFLMSA-N,-1,0.5227272727272727
25,IACXGBQFWATELN-SGHRQYOTSA-N,-1,0.5
26,USDBLRVAOQKJGH-WTQRLHSKSA-N,1,0.8863636363636364
27,KNUNIZRVOHRYRL-RPBOFIJWSA-N,-1,0.5
28,DJPOWQSJECOBBO-JOCHJYFZSA-N,1,1.0
29,QIBVMINKMHMDAD-GOSISDBHSA-N,1,1.0
30,GKZIUACFJYRISP-YRNVUSSQSA-N,1,0.5909090909090909
31,OFLKSFJTTRHGBF-NBILRRPASA-N,1,0.5909090909090909
32,MTUFXPOTXOPSHV-HHHXNRCGSA-N,1,0.5909090909090909
33,SGHHQLYODQIGBE-BQHJZSHBSA-N,1,0.6136363636363636
34,HDRKTANXQYEREL-ZQAUEJBPSA-N,1,0.6590909090909091
35,CRDFVOTYNXFDQN-FHVRUZERSA-N,1,0.6590909090909091
36,BPAGEFGEKNLNMG-SSSWHTQTSA-N,-1,0.5
37,DSULVSKPGRWASO-YRNVUSSQSA-N,1,1.0
38,UEZFOSUZIDDJER-XMMPIXPASA-N,1,0.6590909090909091
39,USMSYRDXXCLQHO-VJBVUQEFSA-N,1,0.5909090909090909
40,WMSYQNNTHDNIEI-LJQANCHMSA-N,1,1.0
41,MQCDWGMMDAPGKB-FTUXVVSKSA-N,1,1.0
42,BYXGLOPXVVKRIC-VJBVUQEFSA-N,1,0.5909090909090909
43,HEROWVQMOQJATR-DNQXCXABSA-N,1,0.5909090909090909
44,QVAIFDVUUPRQOP-FVTJEVFOSA-N,1,0.5909090909090909
45,DKAMBEHAQOUWDB-NBILRRPASA-N,1,0.6590909090909091
46,PBBSNONCFLLRFE-SNMYMPMCSA-N,1,0.6590909090909091
47,RCQBYARZCJDYHW-HSZRJFAPSA-N,1,1.0
48,FVHNFXBVALQEPW-WUTDNEBXSA-N,1,0.5909090909090909
49,GJBHMDHRKGITMA-RIYZIHGNSA-N,1,1.0
50,ZUCBRUJRWIBMLX-JWQCQUIFSA-N,1,0.5909090909090909
51,ZDCBOKLRJQMVAI-HSZRJFAPSA-N,1,0.5909090909090909
52,CXICEXOWGOQDAE-GOSISDBHSA-N,1,1.0
53,XZXQHLJRMWPJTP-RIYZIHGNSA-N,1,1.0
54,GXWPARSFAAUDFY-HSZRJFAPSA-N,1,1.0
55,OJURJQCEQQSVOQ-FTUXVVSKSA-N,1,1.0
56,GRZNRRRHXHPCCN-BQHJZSHBSA-N,1,1.0
57,RKOYEQKCONUVPY-OAQYLSRUSA-N,1,1.0
58,XHIMNFOJDWPMIP-XYOKQWHBSA-N,1,0.5909090909090909
59,SVDMUEPXEKHWQC-YRNVUSSQSA-N,1,1.0
60,UKAYGLZNWYLPSH-QGZVFWFLSA-N,1,0.5909090909090909
61,DACFGOIDGQNAAI-OQLLNIDSSA-N,1,1.0
62,DAQJJQWUGLJIJG-GOSISDBHSA-N,1,1.0
63,KAAPLRXUOPJYAU-FTJBHMTQSA-N,-1,0.5
64,DQKSGAAGSNRDFB-FHVRUZERSA-N,1,0.6590909090909091
65,JPSOAVPPXNAJMW-RUZDIDTESA-N,1,0.5909090909090909
66,OZOIDJVOCAPKCA-NBILRRPASA-N,1,0.5227272727272727
67,UTYQQIKJODVMFA-GOSISDBHSA-N,1,0.5227272727272727
68,RLLMYSAKUNHIQY-HSZRJFAPSA-N,1,0.5909090909090909
69,ZUCBRUJRWIBMLX-LOSJGSFVSA-N,1,0.5909090909090909
70,QTXDMJQIQDMXPP-RPBOFIJWSA-N,-1,0.5
71,DIFZQFMEJWRSBD-XMMPIXPASA-N,1,0.5909090909090909
72,QTXDMJQIQDMXPP-JWQCQUIFSA-N,-1,0.5
73,BZRXOKPRPWMCRX-GOSISDBHSA-N,1,0.5909090909090909
74,HTTRONHMUOYQTM-HSZRJFAPSA-N,-1,0.5
75,OZSIWYCHYSXIQJ-XMMPIXPASA-N,1,1.0
76,NVSSQTZGQSAGKL-ZTZBWWIOSA-N,1,0.5909090909090909
77,CEZGMYMLBLEGSJ-FWTIMZJOSA-N,1,0.5909090909090909
78,YQPUHXUUOKRRSL-FCTFBEISSA-N,-1,0.5
79,JBFVKDQUMPUGNX-YRNVUSSQSA-N,1,0.5909090909090909
80,FVHNFXBVALQEPW-YRNVUSSQSA-N,1,0.5909090909090909
81,MHPJPOLMCIELFS-WUTDNEBXSA-N,-1,0.5227272727272727
82,HIMHGXXCHNKURH-NBILRRPASA-N,1,0.6136363636363636
83,JSZQMPWCKLNMSX-GPOLZQFCSA-N,1,0.6136363636363636
84,RWFZOCMKERWXEI-XYJBSGBBSA-N,1,0.5909090909090909
85,KAAPLRXUOPJYAU-CLJLJLNGSA-N,-1,0.5
86,FPZWUEGIYYDTRG-WUTDNEBXSA-N,1,0.5909090909090909
87,PWIYPRPUGZDXNO-GPVYEGESSA-N,1,0.6590909090909091
88,MKMLLHCYCWEQHJ-YRNVUSSQSA-N,1,1.0
89,VAPKETCXHSBIDS-FGZHOGPDSA-N,1,0.8863636363636364
90,IXTGHDWXMXJODY-QWDXWUACSA-N,1,1.0
91,FNGWXUSKVKNLMN-NBILRRPASA-N,-1,0.5227272727272727
92,ULJPGJAUFNXESQ-MDWZMJQESA-N,1,0.6818181818181818
93,UFACVKOFSXJDSC-AEVNEEFTSA-N,-1,0.5227272727272727
94,NFXHWQPAWCTQTR-JOCHJYFZSA-N,1,0.5909090909090909
95,DKAMBEHAQOUWDB-XYOKQWHBSA-N,1,0.6590909090909091
96,ORDHNWHVCPQQRX-XYOKQWHBSA-N,1,1.0
97,SSPRHDVETPIMAW-YRNVUSSQSA-N,1,0.5909090909090909
98,BXJXSACPNOQRDE-RUZDIDTESA-N,1,0.5909090909090909
99,BYUZDVSTUSMHRQ-RIYZIHGNSA-N,1,0.5909090909090909
100,ZEWPHRODMPGNAD-UHFFFAOYSA-N,-1,0.5681818181818182
101,IOMMMLWIABWRKL-OEMHODTASA-N,1,0.5909090909090909
102,AAQCNKXELQZHGC-DHXBXMGCSA-N,1,0.6590909090909091
103,VWWHXDGCALREQG-MEJUDOHFSA-N,1,0.5909090909090909
104,FIEVDKPXHAPDIU-JOCHJYFZSA-N,1,0.6590909090909091
105,UQLIJVPLMFPORY-HSRJRILOSA-N,1,0.5909090909090909
106,XBOWFZGBAMQXDI-BEBFYNPSSA-N,1,1.0
107,VPYIGPZDJRFBDM-QMASLXIKSA-N,1,0.6590909090909091
108,QGLHPLZXXVMLMK-VMLCMGRWSA-N,-1,0.5227272727272727
109,RWFZOCMKERWXEI-UKTHLTGXSA-N,1,0.5909090909090909
110,RWFZOCMKERWXEI-TZTLJZABSA-N,1,0.5909090909090909
111,OXGZRQPSOZDAAD-UHFFFAOYSA-N,1,1.0
112,MPWRXIHSVRWQQY-UHFFFAOYSA-N,1,0.6818181818181818
113,MFQPXLMEVXYXBV-UHFFFAOYSA-N,1,1.0
114,SARYXZNCCIJXRI-NRFANRHFSA-N,1,0.6818181818181818
115,LHPLMQAENNEPAD-UHFFFAOYSA-O,-1,0.6590909090909091
116,ROICSKVBYUQUKQ-UHFFFAOYSA-N,1,1.0
117,VTMJQSPPJIJGNW-UHFFFAOYSA-N,1,0.6590909090909091
118,LFJRDQBYPYZMLW-UHFFFAOYSA-N,1,0.6590909090909091
119,XQUZETKLGCMJIF-UHFFFAOYSA-N,1,0.6590909090909091
120,LYKORKBUGRQTBH-UHFFFAOYSA-N,1,0.6590909090909091
121,PYTBGGBGRRJDNT-UHFFFAOYSA-N,1,0.6590909090909091
122,LJOCIHRQARKISZ-UHFFFAOYSA-N,1,0.6590909090909091
123,LJGZGWLYDULDPC-UHFFFAOYSA-N,1,0.5909090909090909
124,KGBUGQNGTLMMHA-UHFFFAOYSA-N,1,0.5909090909090909
125,RZBXGNUKPJTWLR-UHFFFAOYSA-N,1,1.0
126,VKLUVQDVSIZWJX-UHFFFAOYSA-N,1,0.6590909090909091
127,AVCVEZQZXXKVIX-UHFFFAOYSA-N,1,0.6136363636363636
128,IXOQQNFDVYLHBZ-UHFFFAOYSA-N,1,0.5227272727272727
129,VSEAYGHUZUHDJU-UHFFFAOYSA-N,1,0.6590909090909091
130,JVWRWRBDOKNZOY-UHFFFAOYSA-N,1,0.6590909090909091
131,ZABCFUQGJGBKQD-UHFFFAOYSA-N,1,0.6590909090909091
132,CAPIXEHJDZREBF-UHFFFAOYSA-N,1,0.7272727272727273
133,SQBQRXMAIZTRQB-UHFFFAOYSA-N,1,0.6590909090909091
134,KKWHUFLPQXUGDF-UHFFFAOYSA-N,1,0.5227272727272727
135,HUBRLGWVHNTZMK-UHFFFAOYSA-N,1,0.6590909090909091
136,YOOHWZGXGQGQNV-UHFFFAOYSA-N,1,0.5227272727272727
137,LCHZKINRFQRYBT-UHFFFAOYSA-N,1,0.5454545454545454
138,FECTUIFYIULKKU-UHFFFAOYSA-N,1,0.5227272727272727
139,CIYYUESCCXMSTO-UHFFFAOYSA-N,1,0.6136363636363636
140,OCFIXZXQEQCZBS-UHFFFAOYSA-N,1,0.5227272727272727
141,HBNNFBHEXBWEBL-UHFFFAOYSA-N,1,0.5227272727272727
142,OOJLXAFZRPMGKG-UHFFFAOYSA-N,1,0.6590909090909091
143,CMAHBOISYJYTPU-UHFFFAOYSA-N,1,0.5227272727272727
144,JGSBWOANWLXBMV-UHFFFAOYSA-N,1,0.6590909090909091
145,IXWIKQYUSKIFHI-UHFFFAOYSA-N,1,0.5227272727272727
146,YAVNQWDKEUZNPP-UHFFFAOYSA-N,1,0.6590909090909091
147,YHZDSSQZIMJHOS-UHFFFAOYSA-N,1,0.5227272727272727
148,BCZAFCNYLSLUQI-UHFFFAOYSA-N,1,0.6590909090909091
149,GAHMKNBXVWLWLX-UHFFFAOYSA-N,1,0.5227272727272727
150,HOSHHQLOVFNOSS-UHFFFAOYSA-N,-1,0.5
151,XXUNHWISXGYWAZ-UHFFFAOYSA-N,1,0.6590909090909091
152,FCCWEWCBWZGARW-UHFFFAOYSA-N,1,0.6590909090909091
153,FMHRXEDSPDJJTI-UHFFFAOYSA-N,1,0.6590909090909091
154,NBYGAGVGVRHCHX-UHFFFAOYSA-N,1,0.6590909090909091
155,UUBZCVWMVWNIPX-UHFFFAOYSA-N,1,0.6590909090909091
156,SLNKYQQNEGAQAH-UHFFFAOYSA-N,1,0.6590909090909091
157,ORLZQZFZYSKNGH-UHFFFAOYSA-N,-1,0.5454545454545454
158,MNAANNPEYMXUPW-UHFFFAOYSA-N,1,0.6590909090909091
159,NDGLKWHLLATDDK-UHFFFAOYSA-N,1,0.6590909090909091
160,YKQVZWVZZVEJIQ-UHFFFAOYSA-N,1,0.6590909090909091
161,JIHLIFKXZUZHNA-UHFFFAOYSA-N,1,0.6590909090909091
162,VGPHIQUDJHNEBL-UHFFFAOYSA-N,-1,0.8863636363636364
163,MVKUOKAPFPRHEP-DHDCSXOGSA-N,-1,0.7727272727272727
164,CROLVYQOEOEQGE-UHFFFAOYSA-N,1,0.5227272727272727
165,XLLYZJUEMUNWFK-UHFFFAOYSA-N,1,0.5227272727272727
166,ZTEKSDICRMSRLL-UHFFFAOYSA-N,1,0.5454545454545454
167,QKZMJFVIURBMHM-UHFFFAOYSA-N,1,0.5227272727272727
168,IDGTWPMYRNVQFX-UHFFFAOYSA-N,1,0.6818181818181818
169,ILZRJSQVNFFNAD-UHFFFAOYSA-N,1,0.6818181818181818
170,SOKMVXCZHIACGF-UHFFFAOYSA-N,-1,0.8181818181818182
171,RNAHZLFEERIBII-UHFFFAOYSA-N,-1,0.8181818181818182
172,IYTHNMUOSPPOEZ-UHFFFAOYSA-N,1,0.6818181818181818
173,AOJICWWLLXRKDB-UHFFFAOYSA-N,1,0.6590909090909091
174,HUXNCFUMPUHHBI-UHFFFAOYSA-N,1,0.6818181818181818
175,AWNGBFIYCSKJHJ-UHFFFAOYSA-N,-1,0.8181818181818182
176,AUQYBWZUDLHRGG-UHFFFAOYSA-N,-1,0.8181818181818182
177,ZXQSPQKIWZXEJE-UHFFFAOYSA-N,1,0.6818181818181818
178,NUXNJIAYAHBBBV-UHFFFAOYSA-N,1,0.6590909090909091
179,KDBXGKGMORGULU-UHFFFAOYSA-N,1,0.7045454545454546
180,CJUVXUAJWPCQPF-UHFFFAOYSA-N,1,0.6818181818181818
181,ATKSIZIIRKSCOH-UHFFFAOYSA-N,1,0.6818181818181818
182,HHSKUORHCCCQPF-UHFFFAOYSA-N,1,0.5227272727272727
183,YVFJFIQHVUDBRX-UHFFFAOYSA-N,1,0.5227272727272727
184,GABLGKBRYMKCCK-UHFFFAOYSA-N,-1,0.5909090909090909
185,OFKLJRNWCXFWHK-UHFFFAOYSA-N,1,0.5227272727272727
186,CYTIBJXJTNWMMM-UHFFFAOYSA-N,1,0.6590909090909091
187,NEKPYDLDRWRPQD-UHFFFAOYSA-N,1,1.0
188,PFAKYMMWONGVSE-UHFFFAOYSA-N,-1,0.5227272727272727
189,DWONQUFPPNQJSE-UHFFFAOYSA-N,1,0.6590909090909091
190,VFOSNVMZLZICNA-UHFFFAOYSA-N,1,0.7272727272727273
191,PUIMHVNNRWDQRY-UHFFFAOYSA-N,1,0.7272727272727273
192,HJSOZYJEMCJCQD-UHFFFAOYSA-N,1,0.7272727272727273
193,UEYPHJWMKNIOPO-UHFFFAOYSA-N,-1,0.5227272727272727
194,GBTHVZBBMOVMTI-UHFFFAOYSA-N,1,0.7272727272727273
195,DYHMPDNNAVEBLR-UHFFFAOYSA-N,1,1.0
196,ANEGWORULZVTSS-UHFFFAOYSA-N,1,1.0
197,DLSKSUGYFJKOKE-UHFFFAOYSA-N,1,1.0
198,REAQUNXUWXXIIU-UHFFFAOYSA-N,1,0.6590909090909091
199,VGDXYENFWAGSGV-UHFFFAOYSA-N,1,0.5681818181818182
200,DFPGEZCMCGTKAL-IBGZPJMESA-N,1,0.6363636363636364
201,VCSHGEYNKGFRJN-RXFWQSSRSA-N,-1,0.5
202,DFPGEZCMCGTKAL-LJQANCHMSA-N,1,0.6363636363636364
203,KNDZRNVTXVLGFT-MRXNPFEDSA-N,-1,0.5
204,UBUXTVUXHUSYOK-JOCHJYFZSA-N,1,1.0
205,ZTAXKHIVCLEBMV-HSZRJFAPSA-N,-1,0.5
206,JXPFGUJAUOCWET-UHFFFAOYSA-N,1,0.5227272727272727
207,PEZZAMJTUXEUBD-UHFFFAOYSA-N,1,0.5227272727272727
208,OSSLBIDZXZZSFW-UHFFFAOYSA-N,1,0.6590909090909091
209,WDTBOPJTPBOYRW-UHFFFAOYSA-N,1,0.6590909090909091
210,LYZBXSWAKSTPBB-UHFFFAOYSA-N,1,0.5227272727272727
211,WJUVFSXRFLPKPO-UHFFFAOYSA-N,1,0.6590909090909091
212,PDHQNWOQLXPVIY-UHFFFAOYSA-N,1,1.0
213,SNTNRCSRTIXQTJ-UHFFFAOYSA-N,1,0.6590909090909091
214,SKMZIOHBJXFYEA-UHFFFAOYSA-N,1,0.6590909090909091
215,PJOLJSBNBSUBTG-UHFFFAOYSA-N,1,0.6818181818181818
216,RJRSUORIDGJZRE-UHFFFAOYSA-N,1,0.5227272727272727
217,ZVLVTMXIQDIJGQ-UHFFFAOYSA-N,1,1.0
218,WBRKQKONRMBEAL-UHFFFAOYSA-N,1,0.5227272727272727
219,NUPWAKWBUGRCIE-UHFFFAOYSA-N,1,0.6590909090909091
220,RZRBEGBBFCKNJD-UHFFFAOYSA-N,1,0.6590909090909091
221,CUSYAGLQFPADQT-UHFFFAOYSA-N,1,0.6590909090909091
222,PWMOQVVFKXGRQF-UHFFFAOYSA-N,1,0.7045454545454546
223,WEMMLWMTYXWFRU-UHFFFAOYSA-N,1,0.5227272727272727
224,LZAATKSDNUKJQP-UHFFFAOYSA-N,1,1.0
225,JUMRERPUKXPUPV-UHFFFAOYSA-N,1,0.7045454545454546
226,AHLAAUCACISKNG-UHFFFAOYSA-N,1,0.6590909090909091
227,NHMMPWOMKZSUPW-UHFFFAOYSA-N,1,1.0
228,ZYCLVCQOXKCNMS-UHFFFAOYSA-N,1,0.6590909090909091
229,ZFUJBRUVGZGQRM-UHFFFAOYSA-N,1,0.6590909090909091
230,KTKIYJRZWWBSSL-UHFFFAOYSA-N,1,0.6590909090909091
231,WRJIMUCDZBRBAX-UHFFFAOYSA-N,1,0.5227272727272727
232,MBGRCOMFBOKIGS-UHFFFAOYSA-N,1,0.5227272727272727
233,SBLBZSAYCVTPSZ-UHFFFAOYSA-N,1,1.0
234,PVDZRWNNKAOABG-UHFFFAOYSA-N,1,0.7272727272727273
235,SFFXICSFVVEPMP-UHFFFAOYSA-N,1,0.7272727272727273
236,AFEZWJKIPYCRJX-UHFFFAOYSA-N,1,0.6818181818181818
237,ATPSRNNYOFPIPG-UHFFFAOYSA-N,1,0.6818181818181818
238,SOQLWWPLUWIARJ-UHFFFAOYSA-N,1,0.6818181818181818
239,WLARXCZZCZJACA-UHFFFAOYSA-N,1,0.6818181818181818
240,DCDSKHUAZCQILJ-UHFFFAOYSA-N,-1,0.6818181818181818
241,HPNPRBGZFSHMGF-UHFFFAOYSA-N,1,0.6818181818181818
242,KEENOBGHKHQPRD-UHFFFAOYSA-N,1,0.6818181818181818
243,BDDOOOCXZSFESK-UHFFFAOYSA-N,1,0.6818181818181818
244,YKJXTRBKKBLZOS-UHFFFAOYSA-N,1,0.6818181818181818
245,XDQODKMPSPGMGB-UHFFFAOYSA-N,1,0.7272727272727273
246,QSXKLUZDYFCHCE-UHFFFAOYSA-N,1,0.6590909090909091
247,QRSLRFUHTXGQIX-UHFFFAOYSA-N,1,0.5227272727272727
248,DZKSVRSLSAOKRA-UHFFFAOYSA-N,1,0.5227272727272727
249,JLNMFQDVUDTVEJ-UHFFFAOYSA-N,1,0.5227272727272727
250,YZBPMVVVULZQLV-UHFFFAOYSA-N,1,0.5227272727272727
251,YHTNQOTUFBNNQE-UHFFFAOYSA-N,1,0.5227272727272727
252,SYXYRYXJAIBILG-UHFFFAOYSA-N,1,0.6590909090909091
253,PKKMVNHQFTWBQM-UHFFFAOYSA-N,1,0.5227272727272727
254,KTQPAVSQCGUQHC-UHFFFAOYSA-N,1,0.6590909090909091
255,JVDQRBYKWOHUJN-UHFFFAOYSA-N,1,0.5227272727272727
256,WRXMUDHACZENRA-UHFFFAOYSA-N,1,0.5227272727272727
257,GRJSQRMHRTWFNA-UHFFFAOYSA-N,1,0.6590909090909091
258,WGUYCQDZZOPIAP-UHFFFAOYSA-N,1,0.6136363636363636
259,NNNYHGRYXMGAMG-UHFFFAOYSA-N,-1,0.5227272727272727
260,MKGRRFIORRADNI-UHFFFAOYSA-N,1,1.0
261,LPFUNKDQXBQPNO-UHFFFAOYSA-N,1,0.6590909090909091
262,ZRYWJIXIPAGPKY-UHFFFAOYSA-N,1,0.6590909090909091
263,AWSMJNYIPGGDPX-UHFFFAOYSA-N,1,0.6590909090909091
264,SILUGWARMUMCCU-UHFFFAOYSA-N,1,0.6590909090909091
265,WGAPCEODYKATQE-UHFFFAOYSA-N,1,0.6590909090909091
266,QDTYZMBCFNGKAF-UHFFFAOYSA-N,1,0.6590909090909091
267,FUANZFIFSQXOFO-UHFFFAOYSA-N,1,0.6590909090909091
268,BTPOAPFGGALPKW-UHFFFAOYSA-N,1,0.6590909090909091
269,QMNFTQXSRQNDIN-UHFFFAOYSA-N,1,0.7272727272727273
270,JKEUJGGUIUMQBP-UHFFFAOYSA-N,1,0.6590909090909091
271,GIXUOVKZNHYVTN-UHFFFAOYSA-N,1,0.6590909090909091
272,SEEZRPUSBNHSDE-UHFFFAOYSA-N,1,0.6590909090909091
273,DCAYDZQHZLEUPJ-UHFFFAOYSA-N,1,0.6590909090909091
274,ZMBHYKHHDDHCHZ-UHFFFAOYSA-N,1,0.6590909090909091
275,WDEGZQHJEMDVCS-UHFFFAOYSA-N,1,0.6590909090909091
276,ZNYDDSAHBVTIFA-UHFFFAOYSA-N,1,0.6590909090909091
277,ODYPBKDDSLIDES-UHFFFAOYSA-N,1,0.6590909090909091
278,JXEYXLVYTAPITL-UHFFFAOYSA-N,1,0.6590909090909091
279,FIAKSBNHFNEKNT-UHFFFAOYSA-N,1,0.6590909090909091
280,KTJLEZVLGOZJPP-UHFFFAOYSA-N,1,0.6590909090909091
281,BBPUSBPTGRIDQZ-UHFFFAOYSA-N,-1,0.5227272727272727
282,MROVVLCXRGSSFW-UHFFFAOYSA-N,1,0.6590909090909091
283,XATXKCJFKUVCRN-UHFFFAOYSA-N,1,0.6590909090909091
284,WDGZVEOZHZGOOP-UHFFFAOYSA-N,1,0.6590909090909091
285,LXWLLQCGXUOTEE-UHFFFAOYSA-N,1,0.6590909090909091
286,ULEUTLDBFGZHCV-UHFFFAOYSA-N,1,0.6590909090909091
287,GPPZIWMDRYUYIS-UHFFFAOYSA-N,1,0.6590909090909091
288,NRRAQMAUQNIBIO-UHFFFAOYSA-N,1,0.6590909090909091
289,BKCHGGUUONQVKB-UHFFFAOYSA-N,1,0.6590909090909091
290,SVOQLRVJRMRBDE-UHFFFAOYSA-N,1,0.6590909090909091
291,DXGSJPWPSKSQHX-UHFFFAOYSA-N,1,0.6590909090909091
292,QHWLBECSEZKUGD-UHFFFAOYSA-N,1,0.6590909090909091
293,NEADWHVCJOPAIR-UHFFFAOYSA-N,1,0.7272727272727273
294,JXIXWBUWPNTBCL-UHFFFAOYSA-N,1,0.6590909090909091
295,QXZRKOIBDQBBGX-UHFFFAOYSA-N,1,0.6590909090909091
296,DIYPMEDMWUGYQB-UHFFFAOYSA-N,1,0.6590909090909091
297,BKCAVSIUCWUTHU-UHFFFAOYSA-N,1,0.6590909090909091
298,IIECHRCQQCDMQV-UHFFFAOYSA-N,1,0.7272727272727273
299,ZRERKRNYCOHSCT-UHFFFAOYSA-N,1,0.6590909090909091
300,IDYHDQZVSBIZKZ-UHFFFAOYSA-N,-1,0.6363636363636364
301,IKXQTBQAVUCTAQ-UHFFFAOYSA-N,-1,0.6363636363636364
302,JFCJHYZVYQBXCN-UHFFFAOYSA-N,-1,0.5681818181818182
303,DXYBTGSCKYMMQM-UHFFFAOYSA-N,1,0.6363636363636364
304,DLJNSSFIAJYHQN-UHFFFAOYSA-N,-1,0.9318181818181818
305,HKJPBOZPQXIIRI-UHFFFAOYSA-N,-1,1.0
306,KNDZRNVTXVLGFT-INIZCTEOSA-N,-1,0.5
307,JMESOPSVEMRPPU-QHCPKHFHSA-N,1,0.6590909090909091
308,ZTAXKHIVCLEBMV-QHCPKHFHSA-N,-1,0.5
309,UQQPBUIHOFDSRM-UHFFFAOYSA-N,1,0.6590909090909091
310,ZXLXHFWTQYXEHL-UHFFFAOYSA-N,1,0.6590909090909091
311,QBIXEHYYQOFYJP-UHFFFAOYSA-N,1,0.7272727272727273
312,NZUSYRMZDZTSLT-UHFFFAOYSA-N,1,0.6590909090909091
313,PGGRIZSLSBLUHE-UHFFFAOYSA-N,1,1.0
314,REQALXMIDZVBPU-UHFFFAOYSA-N,1,1.0
315,GTANKHPWHGGOPQ-UHFFFAOYSA-N,1,1.0
316,XKAOWQQNTJBGKS-UHFFFAOYSA-N,1,1.0
317,LUSPWENNQWRYHE-UHFFFAOYSA-N,1,1.0
318,XMIRTGKPVWQGHT-UHFFFAOYSA-N,1,0.6818181818181818
319,PHFPOWHANQNYAT-UHFFFAOYSA-N,1,0.6590909090909091
320,PQVCAALOWXGEOY-UHFFFAOYSA-N,1,0.6590909090909091
321,MQOZJOFAZOYMIP-UHFFFAOYSA-N,1,0.6590909090909091
322,OYUIZEKDGOZQHW-UHFFFAOYSA-N,1,0.6590909090909091
323,HYRUFOKWRMIUPV-UHFFFAOYSA-N,1,1.0
324,QIKJAIUHCMZEBJ-UHFFFAOYSA-N,1,0.6590909090909091
325,KEQNHGMTJOXPGL-UHFFFAOYSA-N,1,0.6590909090909091
326,QUQDQPXQDBQPDF-UHFFFAOYSA-N,1,1.0
327,OHXOFRUHYCHPBB-UHFFFAOYSA-N,1,0.7272727272727273
328,LLJZYHCCTNNIQK-UHFFFAOYSA-N,1,0.6818181818181818
329,DMCROGIFHSJSIW-UHFFFAOYSA-N,1,1.0
330,VGRLHEVWMXYBHQ-UHFFFAOYSA-N,1,1.0
331,ASVLXTCXJSHSCZ-UHFFFAOYSA-N,1,0.5681818181818182
332,BUJMLDPQEGZITB-UHFFFAOYSA-N,1,0.5909090909090909
333,KYZPPZXFSKOLRA-UHFFFAOYSA-N,1,0.7272727272727273
334,CWHUALNYRADGLS-UHFFFAOYSA-N,-1,0.8181818181818182
335,ITPRXVXSBDGWHL-UHFFFAOYSA-N,1,0.5681818181818182
336,YHTKSKKPVNXZFK-UHFFFAOYSA-N,1,0.7272727272727273
337,DXQQWOYEXYHBRS-UHFFFAOYSA-N,1,1.0
338,FEGMVUFUPFXUCU-UHFFFAOYSA-N,1,0.7272727272727273
339,RAWZOGRAJUHHCB-UHFFFAOYSA-N,1,1.0
340,CSRUBZRIYGRJOV-UHFFFAOYSA-N,1,1.0
341,FRDBDKHVJPJGKX-UHFFFAOYSA-N,1,1.0
342,NEOLQIUNVFBZHU-UHFFFAOYSA-N,1,1.0
343,AZEIRTLDVAULAY-UHFFFAOYSA-N,1,1.0
344,SLLRXBQBDDMFOX-UHFFFAOYSA-N,1,0.6590909090909091
345,VQVGSBSCIIOTTQ-UHFFFAOYSA-N,1,0.6590909090909091
346,CNXPOVOOYXUKDP-UHFFFAOYSA-N,-1,0.5
347,JMESOPSVEMRPPU-UHFFFAOYSA-N,1,0.6590909090909091
348,JQILGAIDPGHNOK-UHFFFAOYSA-N,1,0.6590909090909091
349,TWQKLAUBTPFZRV-UHFFFAOYSA-N,1,1.0
350,VNSUMLRWCJVEJS-UHFFFAOYSA-N,1,1.0
351,KDEIKXBCQKOAQV-UHFFFAOYSA-N,1,1.0
352,ZZXAXFHRXREGMC-UHFFFAOYSA-N,1,0.6818181818181818
353,ICTGPFQAYXXUFM-UHFFFAOYSA-N,1,1.0
354,FJHBIAZFCZEUHU-UHFFFAOYSA-N,1,1.0
355,JRJHKGYRUGYSTI-UHFFFAOYSA-N,1,0.5681818181818182
356,KKDBEXBSZBVRMK-UHFFFAOYSA-N,1,0.7272727272727273
357,QDWPGQZFPKMZMZ-UHFFFAOYSA-N,1,1.0
358,ZYAGILNMMWQHGZ-UHFFFAOYSA-N,1,1.0
359,CELIRBFTIQEHSI-UHFFFAOYSA-N,1,1.0
360,ZVFUZVBRAVARGH-UHFFFAOYSA-N,1,1.0
361,GQDDEEQSJNJCNP-UHFFFAOYSA-N,1,1.0
362,OHKUFGUFPQEZER-UHFFFAOYSA-N,1,1.0
363,ZMNYCQLZHAIYND-UHFFFAOYSA-N,1,1.0
364,GLJQRUGBSAJKJZ-UHFFFAOYSA-N,1,1.0
365,TVKCUGSZLZTKFS-UHFFFAOYSA-N,1,1.0
366,GWWKYWMKNWZOMQ-UHFFFAOYSA-N,1,1.0
367,CGIWGYUCHYWTIA-UHFFFAOYSA-N,1,1.0
368,WKWBTXKEJKPHPK-UHFFFAOYSA-N,1,1.0
369,ODZWFMWAXHVCDC-UHFFFAOYSA-N,1,1.0
370,ZDVNCOKXGDVTOT-UHFFFAOYSA-N,1,0.6590909090909091
371,IIZMKPXNOMGFMS-UHFFFAOYSA-N,1,1.0
372,YOGYULSLDZNYDN-UHFFFAOYSA-N,1,1.0
373,GUADVWXHHFUDNT-UHFFFAOYSA-N,1,1.0
374,UHJRSWYTEFVFLK-UHFFFAOYSA-N,1,1.0
375,YGNYRQOSMLZMOF-UHFFFAOYSA-N,1,0.6818181818181818
376,OPPBNXCDOOAKEO-UHFFFAOYSA-N,1,1.0
377,FPHWQVFISHGQRD-UHFFFAOYSA-N,1,1.0
378,WBBRSAXQZJIUEA-UHFFFAOYSA-N,1,1.0
379,DBKWVWJSFJRWTA-UHFFFAOYSA-N,1,0.6818181818181818
380,JFAMPQHECMNQGZ-UHFFFAOYSA-N,1,1.0
381,WNWRCEQXRSWJQI-UHFFFAOYSA-N,1,1.0
382,GJKRRQJIQUSVHY-UHFFFAOYSA-N,1,0.6818181818181818
383,AKZFATATFODLRX-UHFFFAOYSA-N,1,1.0
384,ZXCTVIHSBPLHJJ-UHFFFAOYSA-N,1,1.0
385,FDJVNPFGPOJXAX-UHFFFAOYSA-N,1,0.9318181818181818
386,ZTAXKHIVCLEBMV-UHFFFAOYSA-N,-1,0.5
387,TUUQDOLXLQYIRF-UHFFFAOYSA-N,-1,0.6590909090909091
388,FQIIACGEGMKVNU-UHFFFAOYSA-N,-1,0.6590909090909091
389,XKPYPQLALQYRSL-UHFFFAOYSA-N,-1,0.5
390,KNDZRNVTXVLGFT-UHFFFAOYSA-N,-1,0.5
391,SGWPUNZXRSGGHL-UHFFFAOYSA-N,1,0.6590909090909091
392,RTXGIQPVMANLJU-UHFFFAOYSA-N,-1,0.5
393,UDRSOMHTFKIRNA-UHFFFAOYSA-N,1,0.6590909090909091
394,ORGSUKDGMHUDHE-UHFFFAOYSA-N,1,0.6590909090909091
395,DFPGEZCMCGTKAL-UHFFFAOYSA-N,1,0.6363636363636364
396,QYHACOSBHQHXGF-UHFFFAOYSA-N,1,0.6363636363636364
397,HZTGCSGAJKEYGU-UHFFFAOYSA-N,1,0.6590909090909091
398,CHLYAKKRIXMIIJ-UHFFFAOYSA-N,1,0.6590909090909091
399,ZWJDQHDVQVAUDJ-UHFFFAOYSA-N,1,1.0
400,AVSMNKPCRSJWMI-UHFFFAOYSA-N,1,0.6136363636363636
401,MHKQEFOPGFFUQF-UHFFFAOYSA-N,-1,0.7045454545454546
402,DPRZHVTUJLJRSY-UHFFFAOYSA-N,1,0.6590909090909091
403,CNRUXMNSOKUFPQ-UHFFFAOYSA-N,-1,0.9318181818181818
404,COALWDZCVCYTIH-UHFFFAOYSA-N,1,0.6818181818181818
405,NMHANYXIAVMUSE-UHFFFAOYSA-N,1,0.5227272727272727
406,FUTAHVXLPOIDHJ-UHFFFAOYSA-N,-1,0.75
407,XXPOCMBZMACLOC-UHFFFAOYSA-N,1,0.6818181818181818
408,VIWJOOMMOYAMNW-UHFFFAOYSA-N,-1,0.75
409,FMCHBYIYQFLEJO-UHFFFAOYSA-N,1,1.0
410,FCQACIJJDBKJLW-UHFFFAOYSA-N,-1,0.9318181818181818
411,MYAYGNDIKADPQJ-UHFFFAOYSA-N,-1,1.0
412,YBMZKLHPJCTDFA-UHFFFAOYSA-N,1,0.5227272727272727
413,ZSIWYCMFXGKEEP-UHFFFAOYSA-N,1,0.5227272727272727
414,BFIBZYZSRLFHMV-UHFFFAOYSA-N,-1,0.6363636363636364
415,TULWDTBNBLJCAZ-UHFFFAOYSA-N,1,1.0
416,SKHQFQZDCXLLNM-UHFFFAOYSA-N,-1,0.5909090909090909
417,WPSMDZPUATYVFR-UHFFFAOYSA-N,-1,0.75
418,BQGKXTLSZZTWGR-UHFFFAOYSA-N,-1,0.5681818181818182
419,MUXKDEHSJFHVTA-UHFFFAOYSA-N,-1,0.75
420,WWMCPENJSWDSDY-UHFFFAOYSA-N,1,0.5227272727272727
421,TVTURBLGVRQKMN-UHFFFAOYSA-N,-1,0.7045454545454546
422,SSNKEOJLAPEQRY-UHFFFAOYSA-N,1,0.5227272727272727
423,AJCKXUQLVHWOHG-UHFFFAOYSA-N,1,0.6818181818181818
424,ZVBYBRRQTVNJLE-UHFFFAOYSA-N,-1,0.5909090909090909
425,WVZRVQJIOCBBBF-UHFFFAOYSA-N,-1,0.7727272727272727
426,OVGWRXVBSSBJGY-UHFFFAOYSA-N,1,0.6136363636363636
427,YRMUJAJPQYMOFE-UHFFFAOYSA-N,1,0.5227272727272727
428,QYYWWGUPPCQQLF-UHFFFAOYSA-N,-1,0.6363636363636364
429,USQVZJMSDNUKAG-UHFFFAOYSA-N,-1,0.6363636363636364
430,VREWBVPMJRFRCB-UHFFFAOYSA-N,-1,0.9090909090909091
431,DBMUHLYZZBSGKS-UHFFFAOYSA-N,1,0.6590909090909091
432,VDPPGURYHNXZQT-UHFFFAOYSA-N,-1,0.5
433,JYSYJECATRAXOH-UHFFFAOYSA-N,1,0.8863636363636364
434,IUSCMGWDEIUTJJ-UHFFFAOYSA-N,1,0.6363636363636364
435,HHXFVFJKLBLHNN-UHFFFAOYSA-N,1,0.6590909090909091
436,WJRYIAHOPJZFMB-UHFFFAOYSA-N,-1,0.8181818181818182
437,DMYODUJLOIHYJK-UHFFFAOYSA-N,1,0.6590909090909091
438,VTMVTBKZVSEESX-UHFFFAOYSA-N,1,0.6590909090909091
439,RWVCEUCYOXPUOT-UHFFFAOYSA-N,-1,0.8181818181818182
440,LCQWNFWQAZSCBP-UHFFFAOYSA-N,1,0.6590909090909091
441,ZDHVRKCOIJJBGI-UHFFFAOYSA-N,1,0.6590909090909091
442,ZOHGGHZHYNJDDM-UHFFFAOYSA-N,1,0.6590909090909091
443,SARYXZNCCIJXRI-OAQYLSRUSA-N,1,0.6818181818181818
444,JNOVUFBEFLSMHF-UHFFFAOYSA-N,1,1.0
445,BDNGNSHDUQLSNI-UHFFFAOYSA-N,1,1.0
446,LZEMODMOZKWKOE-UHFFFAOYSA-N,1,1.0
447,JGQVJFDIJRRHAA-UHFFFAOYSA-N,1,0.6363636363636364
448,SCEZDJMDGXKLLA-HWKANZROSA-N,1,1.0
449,BXHWCIGXHFKFKH-UHFFFAOYSA-N,1,1.0
450,SCONBGWMWNZWDR-UHFFFAOYSA-N,-1,0.8181818181818182
451,VJYLXWOHPOQRFI-UHFFFAOYSA-N,-1,0.8181818181818182
452,GEWZLVXRZSPEDF-UHFFFAOYSA-N,1,0.6363636363636364
453,SIFVYIOFZKPYQA-UHFFFAOYSA-N,1,1.0
454,BGMQHVGKORKYSZ-UHFFFAOYSA-N,1,0.6363636363636364
455,INOMMLSYZGKWON-QFEZKATASA-N,1,1.0
456,LHDILOGPJUUYQO-UHFFFAOYSA-N,1,1.0
457,CYZGFPMXIWGUCU-UHFFFAOYSA-N,1,0.7045454545454546
458,ZYNVTCGJESSJRR-UHFFFAOYSA-N,1,1.0
459,USEDFSCFXPEKOX-UHFFFAOYSA-N,1,0.6363636363636364
460,AVONARCDQJLGIF-UHFFFAOYSA-N,1,1.0
461,OZOPYHSHRDYSEB-UHFFFAOYSA-N,1,1.0
462,TWWRBIZQFRELAL-UHFFFAOYSA-N,1,1.0
463,DFJGNOZMRVAKFY-UHFFFAOYSA-N,1,1.0
464,LRTHDKJPOFKZHH-UHFFFAOYSA-N,1,0.6363636363636364
465,RLMQWRMOGCDKQV-UHFFFAOYSA-N,1,1.0
466,OSEXKBNHTHTQGA-UHFFFAOYSA-N,1,0.6363636363636364
467,DJCSWPCEFQDEBY-UHFFFAOYSA-N,1,1.0
468,JGMPINMSWMCHBO-UHFFFAOYSA-N,1,1.0
469,QXZRUOFZESRYJO-UHFFFAOYSA-N,1,1.0
470,BJPUQRPCEAIEMF-UHFFFAOYSA-N,1,1.0
471,AXLOWIITUMARDS-UHFFFAOYSA-N,1,0.6363636363636364
472,DJGQNBXGUQAXBS-UHFFFAOYSA-N,1,0.7045454545454546
473,MRIDYPRRFVKBQQ-UHFFFAOYSA-N,1,0.6818181818181818
474,SMQFKCYZGUOAKG-UHFFFAOYSA-N,1,0.7045454545454546
475,IGRLHNAEGHISFJ-UHFFFAOYSA-N,1,0.6818181818181818
476,KVMMDJGNHDEYRX-UHFFFAOYSA-N,1,0.6818181818181818
477,ICWOKGVQSGLEQJ-UHFFFAOYSA-N,1,0.5909090909090909
478,FVFUFHWLLPBVKT-UHFFFAOYSA-N,1,1.0
479,GJMRFAVDYTVEHT-UHFFFAOYSA-N,1,1.0
480,RFQQTMGYTBSTKH-UHFFFAOYSA-N,1,1.0
481,PZHMJCDOQGPRBM-UHFFFAOYSA-N,1,1.0
482,JUCLTYVYMPTBOO-UHFFFAOYSA-N,1,1.0
483,BVBNAQFDHYETQB-UHFFFAOYSA-N,1,1.0
484,ARZSNJRUZBURRZ-UHFFFAOYSA-N,1,1.0
485,DEWKSAZQGAHBKA-UHFFFAOYSA-N,1,1.0
486,XVDNHPUSYZADCC-UHFFFAOYSA-N,1,1.0
487,RFNSSCNURFBJDO-UHFFFAOYSA-N,1,1.0
488,IKLZABIBCNGQCI-UHFFFAOYSA-N,1,1.0
489,WIDXMNNPSRZUBV-UHFFFAOYSA-N,1,1.0
490,VJJZDNGAMHEHLU-UHFFFAOYSA-N,1,1.0
491,QIJMNRHDDPXPEV-UHFFFAOYSA-N,1,0.7272727272727273
492,FFYFTMZQJYPZIN-UHFFFAOYSA-N,1,0.7272727272727273
493,FKWYXSTWZYHKMK-UHFFFAOYSA-N,1,0.6590909090909091
494,AAFVTVYIYVYLKO-UHFFFAOYSA-N,1,0.7272727272727273
495,UTZGLDCBQGTADF-UHFFFAOYSA-N,1,0.6590909090909091
496,ZBLABNMKTMMJQH-UHFFFAOYSA-N,1,0.6590909090909091
497,QJUBAJWEOXOJMH-UHFFFAOYSA-N,1,0.7272727272727273
498,YYKWVKPYZAEXKY-UHFFFAOYSA-N,1,0.6590909090909091
499,FYWHLYCYDVXVRA-UHFFFAOYSA-N,-1,0.8181818181818182
500,MMADYQAWVWFWLO-BTQNPOSSSA-N,-1,0.5
501,WHQTVUSBYIONRM-UHFFFAOYSA-N,1,0.6590909090909091
502,UCKXWYAPJJITRZ-KHVHVRLGSA-N,-1,0.6363636363636364
503,ZQQFJSHPKPZOIS-UHFFFAOYSA-N,-1,0.6363636363636364
504,NJUWZSQZFKFNMI-TTZKSVMKSA-N,1,0.6590909090909091
505,CURWHBBABBAWGT-UFFKYAFASA-N,1,0.6590909090909091
506,JITMNQNSAUDALC-TXEJJXNPSA-N,1,0.6590909090909091
507,ZKPSFCSZAZCHLJ-UHFFFAOYSA-N,-1,0.6363636363636364
508,RVMIOHVREKEALE-CYBMUJFWSA-N,1,0.6590909090909091
509,AYPDWGUMGWBSOI-CQSZACIVSA-N,1,0.6590909090909091
510,MZVQHGBXEXGEIF-MRXNPFEDSA-N,1,0.6590909090909091
511,IKZMNSUUNOLOMT-UHFFFAOYSA-N,1,0.6590909090909091
512,RVMIOHVREKEALE-ZDUSSCGKSA-N,1,0.6590909090909091
513,OULIUMYEIBBDIX-CQSZACIVSA-N,1,0.6590909090909091
514,SUSVMCGTLZCHRH-CQSZACIVSA-N,1,0.6590909090909091
515,VAPZMHMCBLZMGI-UHFFFAOYSA-N,1,0.6590909090909091
516,OULIUMYEIBBDIX-AWEZNQCLSA-N,1,0.6590909090909091
517,CCGPAQVQJVHPGL-ZDUSSCGKSA-N,1,0.6590909090909091
518,NLNYJXHOBGIEOY-INIZCTEOSA-N,1,0.6590909090909091
519,RGLGTURZPREZLT-VZUCSPMQSA-N,1,1.0
520,LVTPSHSANMIXKM-PUHLOBNQSA-N,1,1.0
521,PTUHYTBYSPMGDJ-HIWRWHBISA-N,1,1.0
522,YZROILXZGCBGFS-ZHSUKTGHSA-N,1,1.0
523,WNCDXEJVRIUNOE-IIHBXENTSA-N,1,0.6590909090909091
524,XITGIVAWZDGGHV-ROPCREHHSA-N,1,1.0
525,SAHRQAKLKBFTMS-ZHSUKTGHSA-N,1,0.6590909090909091
526,TXQSJDFUDKIJRQ-HBHSWBPBSA-N,1,0.6590909090909091
527,NUUMZPCVCVBESC-JJKQSNDFSA-N,1,0.6590909090909091
528,ZIHFDPLPNCZZMI-UHFFFAOYSA-N,-1,0.5681818181818182
529,DAERILGTMUCYOB-CYBMUJFWSA-N,1,0.6590909090909091
530,SNHFDTUVNYGYCB-UHFFFAOYSA-N,1,1.0
531,KDZUHKSMDGIOBV-UHFFFAOYSA-N,-1,1.0
532,KPYVHHKWIIDMSM-UHFFFAOYSA-N,1,0.6590909090909091
533,CZSKYZJCTDTGNN-UHFFFAOYSA-N,1,0.6590909090909091
534,RYXKZBMUXKYXSA-CYBMUJFWSA-N,1,0.6590909090909091
535,ZHPVUKLJBNNXAM-UHFFFAOYSA-N,1,0.6590909090909091
536,HMGZXLRACPRIOA-UHFFFAOYSA-N,1,1.0
537,MPEOGYXCTPJLOK-UHFFFAOYSA-N,1,1.0
538,OBEKZYJINZBKTA-UHFFFAOYSA-N,-1,0.5681818181818182
539,UKNJYHMLOCKLLP-UHFFFAOYSA-N,-1,0.5681818181818182
540,PHBLYYAITMNJIJ-UHFFFAOYSA-N,-1,0.6363636363636364
541,XCXZBIZBMIWDPX-UHFFFAOYSA-N,1,1.0
542,NSGQSVFNJFEURL-UHFFFAOYSA-N,1,1.0
543,CUHTUYOAOJAYME-UHFFFAOYSA-N,1,1.0
544,YLXHLOMDMMOWNB-UHFFFAOYSA-N,1,1.0
545,UPNKEWMCUVAIRN-UHFFFAOYSA-N,1,1.0
546,JVFUVANOBVEHRZ-UHFFFAOYSA-N,1,1.0
547,ZCWKYYFDYXPKPR-UHFFFAOYSA-N,-1,0.6590909090909091
548,YGPOVADIOBVBNU-ZDUSSCGKSA-N,1,0.6590909090909091
549,YGPOVADIOBVBNU-CYBMUJFWSA-N,1,0.6590909090909091
550,YFTRRPZJMDEXRV-ZDUSSCGKSA-N,1,0.6590909090909091
551,XFYJUCCMAQBEGZ-CQSZACIVSA-N,1,0.6590909090909091
552,SUSVMCGTLZCHRH-AWEZNQCLSA-N,1,0.6590909090909091
553,RYXKZBMUXKYXSA-ZDUSSCGKSA-N,1,0.6590909090909091
554,QEEWBYHWBSQWJR-UHFFFAOYSA-N,1,0.5909090909090909
555,PRISDOKDZHXWIF-UHFFFAOYSA-N,-1,0.7954545454545454
556,NLNYJXHOBGIEOY-MRXNPFEDSA-N,1,0.6590909090909091
557,MZVQHGBXEXGEIF-INIZCTEOSA-N,1,0.6590909090909091
558,MYXACFTXZIBUAV-MRXNPFEDSA-N,1,0.6590909090909091
559,MYXACFTXZIBUAV-INIZCTEOSA-N,1,0.6590909090909091
560,MRRDRMXFQDIFHN-UHFFFAOYSA-N,1,0.6590909090909091
561,MFXHAAUOMZVOJN-MRXNPFEDSA-N,1,0.6590909090909091
562,MFXHAAUOMZVOJN-INIZCTEOSA-N,1,0.6590909090909091
563,KYUDDJDYVNHIFE-UHFFFAOYSA-N,1,0.6590909090909091
564,JRZLALIFQRFXDG-UHFFFAOYSA-N,-1,0.6818181818181818
565,IXBCEKWBXSKYEC-UHFFFAOYSA-N,1,0.5909090909090909
566,GEWFPSJJKKAWFB-UHFFFAOYSA-N,-1,0.8181818181818182
567,FYTJFLKSNATPKQ-UHFFFAOYSA-N,-1,0.6590909090909091
568,FMCJUMPRVNSJIY-UHFFFAOYSA-N,-1,0.8181818181818182
569,DAERILGTMUCYOB-ZDUSSCGKSA-N,1,0.6590909090909091
570,CFFIBGOUYAVQIZ-UHFFFAOYSA-N,1,0.6590909090909091
571,CCGPAQVQJVHPGL-CYBMUJFWSA-N,1,0.6590909090909091
572,BRDFCNMVXGKCEA-AWEZNQCLSA-N,1,0.6590909090909091
573,AYPDWGUMGWBSOI-AWEZNQCLSA-N,1,0.6590909090909091
574,AJBHREYSUDMLQQ-UHFFFAOYSA-N,-1,0.7954545454545454
575,GBXUHEYXYWRWJR-UHFFFAOYSA-N,-1,0.7727272727272727
576,HXWBXEOAKNQECC-UHFFFAOYSA-N,1,0.6136363636363636
577,YEWHJESRFISBIA-UHFFFAOYSA-N,-1,0.7727272727272727
578,SAMLUEXYGUANPP-UHFFFAOYSA-N,-1,0.5227272727272727
579,TUGBVZCJQUNZOM-UHFFFAOYSA-N,1,0.6590909090909091
580,VTLQAHPWBDJOFR-UHFFFAOYSA-N,1,0.6590909090909091
581,HKDCYHVIRWMNES-UHFFFAOYSA-N,1,0.6590909090909091
582,FWIVQMZXXUCSES-UHFFFAOYSA-N,1,0.75
583,IZBCHPQFRCSXQC-UHFFFAOYSA-N,1,0.6818181818181818
584,OFIQPBGSKSAUIC-UHFFFAOYSA-N,1,0.6818181818181818
585,AFRXPAJLKSWUBG-UHFFFAOYSA-N,-1,0.75
586,IYFQRALWYKXQGU-UHFFFAOYSA-N,-1,0.9318181818181818
587,NHPIUTMICXJZSG-UHFFFAOYSA-N,1,0.6818181818181818
588,PIICWGMRSBZKSE-UHFFFAOYSA-N,1,0.6590909090909091
589,HCKBMNIVARAFNG-PFEQFJNWSA-N,1,0.6590909090909091
590,AQEQCEAEXNSHDP-UHFFFAOYSA-N,1,1.0
591,GAYSYNBBTMJSRX-UHFFFAOYSA-M,1,1.0
592,DNDDUIHNGRMIDW-XJDOXCRVSA-N,1,1.0
593,VTIIHTOPZVGWNH-UHFFFAOYSA-N,1,1.0
594,OEOXQDAQTGGYSH-CVEARBPZSA-N,1,1.0
595,ZXNJYEMOJBYQIG-UHFFFAOYSA-N,-1,0.5454545454545454
596,DPDBPSDRMGEXOE-HXUWFJFHSA-N,1,0.8863636363636364
597,HPLPZQXVSXASSV-UHFFFAOYSA-N,-1,0.5454545454545454
598,OEOXQDAQTGGYSH-HZPDHXFCSA-N,1,1.0
599,HQFRCDXHWHGNIG-UHFFFAOYSA-N,-1,0.8181818181818182
600,YBEQZZVGSNTJIX-ZDLGFXPLSA-N,-1,0.75
601,MNPPDJQNBZIYCY-MOSHPQCFSA-N,-1,0.7045454545454546
602,DNHASPFCYBJLFW-UNOMPAQXSA-N,-1,0.7045454545454546
603,DYCQBDCUPMFYJK-MOSHPQCFSA-N,-1,0.7045454545454546
604,FEFYLXHIGVGBRX-UNOMPAQXSA-N,-1,0.7045454545454546
605,AZRKQDAPHVRPDD-PDGQHHTCSA-N,-1,1.0
606,DBNQTOPVEYPPRJ-MFOYZWKCSA-N,-1,1.0
607,OMSQEKIZWDNBFF-SXGWCWSVSA-N,-1,1.0
608,OYKBWVBNBHJGMZ-SXGWCWSVSA-N,-1,1.0
609,QSZWDBJSALSWKU-UHFFFAOYSA-N,1,0.6590909090909091
610,ZQKPFVQLYSEERU-UHFFFAOYSA-N,1,0.6590909090909091
611,ZYZZUQSYCVJCGU-UHFFFAOYSA-N,1,0.6590909090909091
612,GHQVOYCDRZKHGP-UHFFFAOYSA-N,1,1.0
613,VXJCKEGWFQFYGD-UHFFFAOYSA-N,1,0.6818181818181818
614,NGRFKPHUUUCTAT-ZIAGYGMSSA-N,1,0.9318181818181818
615,CNROOJZJJXFOTM-PDGQHHTCSA-N,-1,0.7045454545454546
616,PCPCALZNZASXBW-UNOMPAQXSA-N,-1,0.7045454545454546
617,IEOYWWCOCUGVLY-ZHZULCJRSA-N,-1,0.7045454545454546
618,QNTVOFVRQGNPMJ-STZFKDTASA-N,-1,0.7045454545454546
619,QIORYNXHEOOSJV-UHFFFAOYSA-N,1,0.6590909090909091
620,XFGUQBAZRCLTEY-UHFFFAOYSA-N,-1,0.5681818181818182
621,LLABBNFWXSWQPH-UHFFFAOYSA-N,1,0.6590909090909091
622,TWKGDQIGZQWANP-HNNXBMFYSA-N,1,0.6590909090909091
623,HUDYMKQAAGGFLT-UHFFFAOYSA-N,1,0.6590909090909091
624,WRFVQFYCOMRNEC-AWEZNQCLSA-N,1,0.6590909090909091
625,DNDRTWYSGYFJDE-UHFFFAOYSA-N,1,0.6590909090909091
626,FHDLNHBWZFXEIV-LBPRGKRZSA-N,1,0.6590909090909091
627,CWJGSJKRYPVIEO-UHFFFAOYSA-N,1,0.6590909090909091
628,OSFDPCCKEPQGBD-NRFANRHFSA-N,1,0.6818181818181818
629,FMQQJTDTPJPLJL-UHFFFAOYSA-N,1,0.6590909090909091
630,MUJFEFCCYNVTRU-UHFFFAOYSA-N,1,0.6590909090909091
631,UQDLBQKINWQAFA-UHFFFAOYSA-N,1,0.6590909090909091
632,ZDTMGSSRQLKYTK-UHFFFAOYSA-N,1,0.6590909090909091
633,HTUGNJUOLCHNPJ-UHFFFAOYSA-N,1,1.0
634,BWPKBKMQWGZVKA-UHFFFAOYSA-N,1,1.0
635,HELANSPUIAWVDR-JKSUJKDBSA-N,1,0.9318181818181818
636,KUJHLIFMQYQZJJ-UHFFFAOYSA-N,-1,0.6363636363636364
637,SRBOSZXJUUIJCM-UHFFFAOYSA-N,-1,0.5681818181818182
638,YONPPJHEVQCJBG-UHFFFAOYSA-N,-1,0.6363636363636364
639,QJTIAMNHDIIRCV-UHFFFAOYSA-N,-1,0.6363636363636364
640,JLCWGUAPKKLZEH-UHFFFAOYSA-N,-1,0.5681818181818182
641,MGISXRJSGUPKQM-UHFFFAOYSA-N,-1,0.5681818181818182
642,ZOJPUVWFEQLGDT-UHFFFAOYSA-N,-1,0.6363636363636364
643,ZMNBPOVMVQHTPS-UHFFFAOYSA-N,-1,0.5681818181818182
644,LZMNDXYSWJLVGT-UHFFFAOYSA-N,-1,0.6363636363636364
645,MNDXCCSGNBXRDW-UHFFFAOYSA-N,-1,0.6363636363636364
646,KQSKAMDYPHZQIR-UHFFFAOYSA-N,1,1.0
647,VOLAXAIWDJKVQK-UHFFFAOYSA-N,-1,0.5681818181818182
648,AXGLNIDGYUYOGO-UHFFFAOYSA-N,1,1.0
649,ZWFAMNYVYYLXLF-UHFFFAOYSA-N,1,1.0
650,DKCUZCFOPIZHOM-UHFFFAOYSA-N,-1,0.5681818181818182
651,UEHZXKUDQXYLBU-UHFFFAOYSA-N,-1,0.6363636363636364
652,XKWMMAZJYLBKGM-UHFFFAOYSA-N,-1,0.6363636363636364
653,NWVULNXJRRRKMY-UHFFFAOYSA-N,-1,0.5681818181818182
654,IMBDVZCKDZOFQC-ZDUSSCGKSA-N,1,0.6590909090909091
655,YGROVARESCMSTE-HNNXBMFYSA-N,1,0.6590909090909091
656,WVVOLSJXVVDBMR-UHFFFAOYSA-N,1,0.6590909090909091
657,WINVYSFYWBXUQM-UHFFFAOYSA-N,1,1.0
658,VOAQKVJHNGVMRH-UHFFFAOYSA-N,-1,0.5227272727272727
659,TWKGDQIGZQWANP-OAHLLOKOSA-N,1,0.6590909090909091
660,QKRALXLCXOZQPV-UHFFFAOYSA-N,-1,0.5227272727272727
661,PWHGHAZYGUIHSJ-UHFFFAOYSA-N,1,1.0
662,PHMIOFRZUCXHNW-UHFFFAOYSA-N,-1,0.6590909090909091
663,OCQPTCCVAAFWBD-UHFFFAOYSA-N,1,0.6590909090909091
664,KTHPZMLWTMFKNQ-UHFFFAOYSA-N,1,0.6590909090909091
665,KFIAKLFWWRYIIL-UHFFFAOYSA-N,1,0.6818181818181818
666,HRWJKXJXRWYDOU-UHFFFAOYSA-N,-1,0.6136363636363636
667,GUXMRTOOPXLCGJ-UHFFFAOYSA-N,1,1.0
668,GBIUJRREVDQQPK-UHFFFAOYSA-N,1,1.0
669,FNKMIXDVAFXHRN-UHFFFAOYSA-N,1,1.0
670,FDCZSTMKGSCCIA-UHFFFAOYSA-N,1,1.0
671,DUWQAJYAZHUBNG-UHFFFAOYSA-N,-1,0.5227272727272727
672,CSYWOLFZEFXUOA-UHFFFAOYSA-N,-1,0.5227272727272727
673,AVXOUQFXOOLSNM-UHFFFAOYSA-N,-1,0.5227272727272727
674,NGXVSMXJOASZEQ-JCMHNJIXSA-N,-1,0.7045454545454546
675,ZZLLEVJXHYDIBH-STZFKDTASA-N,-1,0.7045454545454546
676,DFQLRNZRUOZPPZ-ZHZULCJRSA-N,-1,0.6818181818181818
677,ICHRFQQNDIFTKG-STZFKDTASA-N,-1,0.7045454545454546
678,RIQABCQFNMRXGD-NSCUHMNNSA-N,1,1.0
679,YANJVJNPDUAITB-UHFFFAOYSA-N,1,0.6590909090909091
680,WJVLYEIKCQVFQZ-UHFFFAOYSA-N,1,0.6590909090909091
681,SZEGUPRYCICECC-UHFFFAOYSA-N,1,0.6590909090909091
682,AFTMPNXJJFAJQY-UHFFFAOYSA-N,1,0.6590909090909091
683,MGXDCMFWJJFOJO-UHFFFAOYSA-N,1,0.6590909090909091
684,FCXFJTBDSHWNQI-UHFFFAOYSA-N,1,0.6590909090909091
685,BJLGPLDKIWNZMI-UHFFFAOYSA-N,1,0.6590909090909091
686,QHKATIIZRFLMPP-UHFFFAOYSA-N,1,0.6590909090909091
687,NNMGBPICEFOJCR-UHFFFAOYSA-N,1,0.6590909090909091
688,ZKQFRQSIOZOHFN-UHFFFAOYSA-N,1,0.6590909090909091
689,IATITYUCRWVUTN-UHFFFAOYSA-N,1,0.6590909090909091
690,SCTJWGPLHUKLTR-UHFFFAOYSA-N,1,0.6590909090909091
691,UADPPLWEOXEBHY-UHFFFAOYSA-N,1,0.6590909090909091
692,ZVEZCNCIUJOJGE-UHFFFAOYSA-N,1,0.6590909090909091
693,CKSQEYJWASOOFC-UHFFFAOYSA-N,1,0.6590909090909091
694,BRUKMVGMORSWRI-UHFFFAOYSA-N,-1,0.8181818181818182
695,GOQRJJJUKDOEDX-UHFFFAOYSA-N,1,0.6590909090909091
696,NHVFUGVOZKUGSO-IBGZPJMESA-N,1,0.6590909090909091
697,HRLAPBYMQSWMAM-ZDUSSCGKSA-N,1,0.6590909090909091
698,MTBHRTGOVAAERS-HNNXBMFYSA-N,1,0.6590909090909091
699,WRLCPTKWPQHQOJ-UHFFFAOYSA-N,1,0.6590909090909091
700,ILAMEGXSIDAMQS-UHFFFAOYSA-N,1,1.0
701,SQNCJXRMTPLLIE-UHFFFAOYSA-N,1,0.6590909090909091
702,JTJOPXMIAYWYOY-UHFFFAOYSA-N,1,1.0
703,AJSIOKXUUWIIMS-UHFFFAOYSA-N,1,1.0
704,CIQZNNDNYXYZRX-UHFFFAOYSA-N,1,1.0
705,LBAWJARRIMBOIK-UHFFFAOYSA-N,1,1.0
706,TWTKBWKPFMJMOX-UHFFFAOYSA-N,1,1.0
707,XVQVJOVUQYDONJ-UHFFFAOYSA-N,1,1.0
708,JGNINMIPUMHQHE-AQHIEDMUSA-N,1,1.0
709,CZCUSNQZHNYXNJ-WEVVVXLNSA-N,1,1.0
710,CPPIATMQRMGJPR-UHFFFAOYSA-N,1,1.0
711,BQUZMYMEHGJWKL-UHFFFAOYSA-N,1,0.6590909090909091
712,ALLQCGZXBPKYSG-UHFFFAOYSA-N,1,1.0
713,GDFJAWWVVCZRDC-YVEFUNNKSA-N,1,0.6590909090909091
714,VMGVELKWIYWCGT-SJLPKXTDSA-N,-1,0.5
715,RFWRWKOFFWNBNN-SJORKVTESA-N,1,0.6590909090909091
716,KUKLPAJNBISBFL-IAGOWNOFSA-N,1,0.6590909090909091
717,GJTDINLGBRKWDU-IEBWSBKVSA-N,-1,0.5
718,XNIDRCPMYANHKK-UHFFFAOYSA-N,-1,0.5
719,UJTDMNARLIOVGT-CYBMUJFWSA-N,1,0.9318181818181818
720,QHTZGTDGFHTCOG-UHFFFAOYSA-N,1,1.0
721,RMOKRFIGJYKHBC-UHFFFAOYSA-N,1,1.0
722,VVPPXYAUONGMAP-UHFFFAOYSA-N,1,0.6818181818181818
723,RAALYUQXTLZEDP-UHFFFAOYSA-N,1,0.7045454545454546
724,SXWIAVAJTVKZNG-UHFFFAOYSA-N,-1,0.6363636363636364
725,DUNQTRHEGUIEHU-DBOLQNLKSA-N,1,0.6363636363636364
726,SCNGMNYRVYXQPU-UHFFFAOYSA-N,1,0.5909090909090909
727,IBGHYDIOSGMJCT-UHFFFAOYSA-N,1,1.0
728,VTZVEVBBXGRODA-UHFFFAOYSA-N,1,1.0
729,APZUUSIJEXDZHR-UHFFFAOYSA-N,1,1.0
730,IIXFJXWFSGAMJW-UHFFFAOYSA-N,1,1.0
731,FDNODAXAWVVNAR-UHFFFAOYSA-N,1,1.0
732,AIPRSHMTIAKXNV-UHFFFAOYSA-N,1,0.9318181818181818
733,INEQZCFZPSEZKW-UHFFFAOYSA-N,1,1.0
734,AYVCCFDODOYXRO-UHFFFAOYSA-N,-1,0.7272727272727273
735,WHSPDOHUZPGCER-UHFFFAOYSA-N,1,0.6590909090909091
736,YEIAMNOHYKXSFB-UHFFFAOYSA-N,-1,0.5
737,IYINYGZMZPUBOK-UHFFFAOYSA-N,-1,0.5
738,RYMKTVKTAIKRTD-VAWYXSNFSA-N,1,0.7272727272727273
739,ANCUEEOEKXHAFS-UHFFFAOYSA-N,-1,1.0
740,XCHZYPHEPOSPPD-UHFFFAOYSA-N,-1,0.7954545454545454
741,GQUWDIOBISABKQ-UHFFFAOYSA-N,-1,0.7954545454545454
742,ORMGLUKCDQMGKV-UHFFFAOYSA-N,-1,0.7954545454545454
743,XLBIJSYYYPBOEZ-UHFFFAOYSA-N,-1,0.7954545454545454
744,GRMWJYLSFHIYNJ-UHFFFAOYSA-N,-1,0.7954545454545454
745,WVIUSDIMRFVSKZ-ONEGZZNKSA-N,-1,0.8863636363636364
746,QTWUYDYYOUDZHZ-UNXLUWIOSA-N,-1,0.8181818181818182
747,WZACGJSPDNLOEJ-MEKGRNQZSA-N,1,0.75
748,FWFCALLHZITRMJ-MEKGRNQZSA-N,1,0.75
749,PDAWAZKMZGJEIJ-UHFFFAOYSA-N,-1,0.6363636363636364
750,VLPCGCZDGREOFJ-UHFFFAOYSA-N,1,0.5681818181818182
751,ZGEDFCPSZQNBDC-UHFFFAOYSA-N,1,0.5681818181818182
752,HVFJPYOLLFQOSC-UHFFFAOYSA-N,1,0.5681818181818182
753,DXRUVHDCEDGTEZ-UHFFFAOYSA-N,1,0.5681818181818182
754,HLUBEYLDWMSKMS-UHFFFAOYSA-N,1,0.5681818181818182
755,QXNYFHSLIJYAAE-UHFFFAOYSA-N,1,0.5681818181818182
756,WHNDKGHJSGTRIX-UHFFFAOYSA-N,1,0.5681818181818182
757,AJNNCSNHKWAFNJ-UHFFFAOYSA-N,1,0.5681818181818182
758,YAERXMIGDADHGY-UHFFFAOYSA-N,-1,0.6363636363636364
759,PWGHYZCBWGVCIO-UHFFFAOYSA-N,-1,0.8181818181818182
760,LVYAGZPLTVBEOL-UHFFFAOYSA-N,-1,0.6363636363636364
761,USHLEHWRIXTPMO-UHFFFAOYSA-N,-1,0.6363636363636364
762,JZIOODYWXRIKDF-UHFFFAOYSA-N,1,1.0
763,JHZWEYCWMPNVEC-UHFFFAOYSA-N,1,1.0
764,PTPSYWCHGKIOKO-UHFFFAOYSA-N,1,0.6590909090909091
765,ZCCMWGDDJCZIRM-UHFFFAOYSA-N,1,1.0
766,ZSNHENMRSHEOKB-UHFFFAOYSA-N,1,1.0
767,QJHXTCALJJBWDG-UHFFFAOYSA-N,1,1.0
768,ZQIMISSUUAZNSZ-UHFFFAOYSA-N,1,1.0
769,IXRUWYWFCVKTLF-ONEGZZNKSA-N,-1,0.9772727272727273
770,VTFALXAGTMTFBS-UHFFFAOYSA-N,1,0.6136363636363636
771,XAXSXQGSQBEHMM-UHFFFAOYSA-N,-1,0.7272727272727273
772,LNODPFGTNSVVGA-UHFFFAOYSA-N,-1,0.6818181818181818
773,NRJLIXYRMUTXLB-HOTGVXAUSA-N,-1,0.5
774,HHOYYRILEAQSBG-QZTJIDSGSA-N,-1,0.5
775,AOCQEMKYGLXHJH-UHFFFAOYSA-N,1,1.0
776,PSHCGNHPVSVGCS-UHFFFAOYSA-N,1,1.0
777,MKXFUXKUEIXJCN-UHFFFAOYSA-N,1,1.0
778,AHLAKVWALZGTCF-UHFFFAOYSA-N,1,0.6590909090909091
779,VVTCQZPTOCKFDU-UHFFFAOYSA-N,1,0.5909090909090909
780,FSZSLBCGSUGPGV-UHFFFAOYSA-N,1,1.0
781,LPXRBMITXODYIP-UHFFFAOYSA-N,1,1.0
782,OZFVBQBPYYTSCY-UHFFFAOYSA-N,1,1.0
783,BZNNMOWCHDCPDT-UHFFFAOYSA-N,1,1.0
784,WBSWXHFVMFNPKJ-UHFFFAOYSA-N,1,1.0
785,DVWCHOAVTLDWJF-UHFFFAOYSA-N,1,1.0
786,MJXZOAXIOKDLHJ-UHFFFAOYSA-N,1,1.0
787,SILQWVWIGTVRDM-UHFFFAOYSA-N,1,1.0
788,QEZPMZCPCZXFLG-UHFFFAOYSA-N,1,1.0
789,KVUALMYLFXFXNP-UHFFFAOYSA-N,1,1.0
790,UTXHUOPRPZTPFF-UHFFFAOYSA-N,1,1.0
791,IOKLAJPKQRCNAY-UHFFFAOYSA-N,1,1.0
792,PUBHTELOHKEOFU-UHFFFAOYSA-N,1,1.0
793,XRXKLKJRBJOYLK-UHFFFAOYSA-N,1,1.0
794,KVGWMQXQYIEIBF-UHFFFAOYSA-N,1,1.0
795,NFPHGJYIEMABAK-UHFFFAOYSA-N,1,1.0
796,HCRSMSMLPPUUGL-UHFFFAOYSA-N,-1,0.6363636363636364
797,OBPPQMUVDDMIQI-UHFFFAOYSA-N,-1,0.8181818181818182
798,YILTUWKDVMACDH-LCYFTJDESA-N,-1,1.0
799,IAQZVKJPXXSPQY-UHFFFAOYSA-N,-1,0.6363636363636364
800,UKGTUEKRGMPQFB-UHFFFAOYSA-N,1,1.0
801,DXYGTBNKASHGAP-UHFFFAOYSA-N,1,1.0
802,CHZKLRSYBBOYKL-UHFFFAOYSA-N,1,1.0
803,XGXQRCYSICFGGU-JWIQXXRHSA-N,-1,0.75
804,YRFFSXGTTQWBAN-RUZDIDTESA-N,-1,0.75
805,XZVMDNHIMXOONX-YDALLXLXSA-N,1,0.6590909090909091
806,YLYVJUTZFHFMHS-UHFFFAOYSA-N,1,1.0
807,AHMVEEGDUYVMSR-UHFFFAOYSA-N,1,1.0
808,MJPPMSVRZANITP-KQWNVCNZSA-N,1,0.5681818181818182
809,HHIHYHJGSHNPAP-UHFFFAOYSA-N,-1,0.9318181818181818
810,BVGRAHBAKFFASJ-UHFFFAOYSA-N,1,0.5227272727272727
811,SLGOOIOKQLXWCQ-SNAWJCMRSA-N,1,1.0
812,NAMMFALAYMFCHU-UHFFFAOYSA-N,-1,1.0
813,JWPAQKYEHSCXRG-UHFFFAOYSA-N,1,1.0
814,ZTKPCZHOFXSRFZ-UHFFFAOYSA-N,1,1.0
815,RNFAZFXNRKFCAN-UHFFFAOYSA-N,1,1.0
816,ARLGVHZTNAZDOT-UHFFFAOYSA-N,1,1.0
817,ZLLMWSHYEYSHLF-UHFFFAOYSA-N,1,1.0
818,NPJHSZJJFYOOAX-UHFFFAOYSA-N,1,1.0
819,GRKOFEXHGMNFDD-UHFFFAOYSA-N,1,1.0
820,GDGGQINIIOLFPJ-UHFFFAOYSA-N,1,1.0
821,FKQILYPYEKHAMZ-UHFFFAOYSA-N,1,1.0
822,DCSFMDZWRGAOFI-UHFFFAOYSA-N,1,1.0
823,SKADCPXGHWAWHQ-UHFFFAOYSA-N,1,1.0
824,WXSDINOCICCIDD-UHFFFAOYSA-N,1,1.0
825,ZAKSTHIIWHODFS-UHFFFAOYSA-N,1,1.0
826,ZRZSTTBDFYCDDN-UHFFFAOYSA-N,1,1.0
827,UEPWMFFDWAZVAJ-UHFFFAOYSA-N,1,1.0
828,WZXCLZANDKZJNH-UHFFFAOYSA-N,1,1.0
829,ZEEUZJXVRNWGAN-UHFFFAOYSA-N,1,1.0
830,RGAHCRVSRKWUJR-UHFFFAOYSA-N,1,1.0
831,ZLHJZWDHTFMTFQ-UHFFFAOYSA-N,1,1.0
832,UEKBGEPSWXLUNC-UHFFFAOYSA-N,1,1.0
833,LNEFMMIGVHUULU-UHFFFAOYSA-N,1,1.0
834,TXTVZIRLHOTUQW-UHFFFAOYSA-N,1,1.0
835,JPVMALKHCWYPPA-UHFFFAOYSA-N,1,1.0
836,MBPXDKSBLQGWCM-UHFFFAOYSA-N,1,1.0
837,WRFPQHWYZMAVDA-UHFFFAOYSA-N,1,1.0
838,YPFWNWROERADRG-UHFFFAOYSA-N,1,1.0
839,BQNHEMYTEYZIQI-UHFFFAOYSA-N,1,1.0
840,BREFJAHJRLJMBT-UHFFFAOYSA-N,1,1.0
841,QUGCRUKAXDCQRE-UHFFFAOYSA-N,1,1.0
842,DQZJRTTUKXCGRT-UHFFFAOYSA-N,1,1.0
843,SGNCHGFAOQWGPB-UHFFFAOYSA-N,1,1.0
844,JXXXGPDMPWYNCE-UHFFFAOYSA-N,1,1.0
845,BCHBWNCKTVXBGQ-UHFFFAOYSA-N,1,1.0
846,ILPRZFKJQXXUEL-UHFFFAOYSA-N,1,1.0
847,VMDLRLYWMGODPB-UHFFFAOYSA-N,1,1.0
848,DIXHYNJQKGJNAM-UHFFFAOYSA-N,1,1.0
849,XGERFKJEOMNRDA-UHFFFAOYSA-N,1,1.0
850,KZPCTRKUGBJCKG-UHFFFAOYSA-N,1,1.0
851,NUBIPYVGWLJDCH-UHFFFAOYSA-N,1,1.0
852,MRUKIVHEVZHTLB-UHFFFAOYSA-N,1,0.5909090909090909
853,YUKZIPJOURXJFZ-UHFFFAOYSA-N,1,1.0
854,BGXCUQOFJBQLLA-UHFFFAOYSA-N,1,1.0
855,TVGPTCKDDGJEOH-UHFFFAOYSA-N,1,1.0
856,OMORDLFEUHSSPG-UHFFFAOYSA-N,1,1.0
857,KZZOBIGMTYUFRZ-UHFFFAOYSA-N,1,1.0
858,YNYXWQXYEKMDCS-UHFFFAOYSA-N,1,1.0
859,ZGUDTNSTULMZFZ-UHFFFAOYSA-N,1,1.0
860,XDWVFWXADADRKU-UHFFFAOYSA-N,1,1.0
861,XFUKMLZKOLSGQT-UHFFFAOYSA-N,1,1.0
862,OATVQTMCSXEWAG-UHFFFAOYSA-N,1,1.0
863,FHQAVJXYKDDCKX-UHFFFAOYSA-N,1,1.0
864,QRSNUUARWQRQPK-UHFFFAOYSA-N,1,1.0
865,RHWWBMFZZLTBDQ-UHFFFAOYSA-N,1,1.0
866,ROMMIAHTXMXPFK-UHFFFAOYSA-N,1,1.0
867,PWZJUJLYQFGTQM-UHFFFAOYSA-N,1,1.0
868,DCNBZRPSMNXSQM-UHFFFAOYSA-N,1,1.0
869,NYBKVKFUUKBKLS-UHFFFAOYSA-N,1,1.0
870,OIJHLVALLGNCPK-UHFFFAOYSA-N,1,1.0
871,QUKHMAOWZSAFJJ-UHFFFAOYSA-N,1,1.0
872,XVONFXDTMIZBFN-UHFFFAOYSA-N,1,1.0
873,WLIYCJHTPWZSIN-UHFFFAOYSA-N,1,1.0
874,BUFGNSFTXVMBFY-UHFFFAOYSA-N,1,1.0
875,XEHPDNVBMIGCCC-UHFFFAOYSA-N,1,1.0
876,NIYDGDRWRLMUSU-UHFFFAOYSA-N,1,1.0
877,ZXBGWQNZORWGBY-UHFFFAOYSA-N,1,1.0
878,UQMZFRPWYMCTQP-UHFFFAOYSA-N,1,1.0
879,LYWQMRPOKHKRRQ-UHFFFAOYSA-N,1,1.0
880,AZPHXADRGUOSBS-UHFFFAOYSA-N,1,1.0
881,SQIMAJMJNKZQHU-UHFFFAOYSA-N,1,1.0
882,XWELOPIJORUUGI-UHFFFAOYSA-N,1,1.0
883,NNOYAHPDGKEKLK-UHFFFAOYSA-N,1,1.0
884,PJMWIKRWQLXBQC-UHFFFAOYSA-N,1,0.5909090909090909
885,CITOGGGGQNHTNC-UHFFFAOYSA-N,1,1.0
886,QGQWXVRHHJGWOY-UHFFFAOYSA-N,1,1.0
887,OBPBGYYJOPHMFI-UHFFFAOYSA-N,1,1.0
888,ADLKVRVDPBCVIA-UHFFFAOYSA-N,1,1.0
889,FCXOTSMNOWNBQC-UHFFFAOYSA-N,1,1.0
890,BJLYMSJMKYOBJG-UHFFFAOYSA-N,1,1.0
891,QWUSDPUWLQSZNV-UHFFFAOYSA-N,1,0.5909090909090909
892,DVPDSHWFWCSILJ-UHFFFAOYSA-N,1,1.0
893,ODQZZROPKMDPDA-UHFFFAOYSA-N,1,1.0
894,KSLLGOCHNBQQKR-UHFFFAOYSA-N,1,1.0
895,ZIUOQDPNBFDEET-UHFFFAOYSA-N,1,1.0
896,LHAKYGCRSJSYSW-UHFFFAOYSA-N,1,1.0
897,IAKPZRMPTBCUCQ-UHFFFAOYSA-N,1,1.0
898,LYTUPSCWZZSTLA-UHFFFAOYSA-N,1,1.0
899,GUEXBIMYZHYPCB-UHFFFAOYSA-N,1,1.0
900,IEZIGALAAYCWOE-UHFFFAOYSA-N,1,0.6818181818181818
901,QAZGTFDWUZKORI-UHFFFAOYSA-N,1,0.5454545454545454
902,UZCAVDGOGABRHN-UHFFFAOYSA-N,-1,0.8181818181818182
903,UDJVPINMZWRCLS-UHFFFAOYSA-N,-1,0.9318181818181818
904,ZPNJHUHYTGLNKP-UHFFFAOYSA-N,1,0.6818181818181818
905,IUGJEEPARIAEGX-UHFFFAOYSA-M,1,0.6818181818181818
906,QTHNMWVCEHCIPA-UHFFFAOYSA-N,1,0.9318181818181818
907,RSJZEWVJKURCCL-UHFFFAOYSA-N,1,1.0
908,LDOXZKYFYSFOSU-UHFFFAOYSA-N,1,1.0
909,WPAVADFXCUSOKS-UHFFFAOYSA-N,1,1.0
910,FETHQMUTVCJHDR-UHFFFAOYSA-N,1,0.8863636363636364
911,UNETZUBQAZVSOS-UHFFFAOYSA-N,1,0.9090909090909091
912,YOPVWVGHSLBYLP-UHFFFAOYSA-N,1,0.9090909090909091
913,OFSJWIMKNLVRSX-UHFFFAOYSA-N,1,0.8863636363636364
914,TYXCBKFBJARJJH-UHFFFAOYSA-N,1,0.6136363636363636
915,LBJAJWGHSAXIFM-UHFFFAOYSA-N,1,0.7045454545454546
916,LLOKAEVJHTUHBQ-UHFFFAOYSA-N,1,0.7045454545454546
917,DUBKGLZETBFRNV-UHFFFAOYSA-N,1,0.6818181818181818
918,FHBMDMBGRWTBIU-UHFFFAOYSA-N,1,0.6136363636363636
919,AVORTLRMPFHAKF-UHFFFAOYSA-N,1,0.6818181818181818
920,QCEXJEJLPONKML-UHFFFAOYSA-N,1,0.6818181818181818
921,BKFILKDWWQRVDC-UHFFFAOYSA-N,1,0.6136363636363636
922,SMGZOKZZXVXWBW-UHFFFAOYSA-N,1,0.7045454545454546
923,OODJBXMGHNSBHK-UHFFFAOYSA-N,-1,0.8409090909090909
924,PLUDDIKUYYFLFP-UHFFFAOYSA-N,1,1.0
925,VFGOZNVJQMFQPB-UHFFFAOYSA-N,-1,0.75
926,IEECYSIACWTDHT-UHFFFAOYSA-N,1,0.6818181818181818
927,OSOJALFOTUWZOL-UHFFFAOYSA-N,1,0.5227272727272727
928,AYSBNMWJUUXMRE-UHFFFAOYSA-N,1,0.5227272727272727
929,BXDOWKNJPLBAKK-UHFFFAOYSA-N,-1,0.7727272727272727
930,XLYNQISLWZSHKB-UHFFFAOYSA-N,1,0.5227272727272727
931,VFRNDAKLIXXFBP-UHFFFAOYSA-N,1,1.0
932,FRCLKSCOKNKFOJ-UHFFFAOYSA-N,-1,0.9318181818181818
933,POEGMVCXJVYTFB-UHFFFAOYSA-N,1,0.75
934,ZMPCBAVRLUYZDJ-UHFFFAOYSA-N,-1,0.9318181818181818
935,TWDHTBMPJKGGHZ-UHFFFAOYSA-N,-1,0.9318181818181818
936,XFNCPTSXJIPUTF-UHFFFAOYSA-N,-1,0.7954545454545454
937,SUOGCNXORKUBOI-UHFFFAOYSA-N,-1,0.7727272727272727
938,MCCMXSVCXXNURW-UHFFFAOYSA-N,-1,0.7727272727272727
939,FXAHKAHGVVAOML-UHFFFAOYSA-N,-1,0.9318181818181818
940,IHPAKNFCOIVCQS-UHFFFAOYSA-N,1,0.6818181818181818
941,HJLGSAPWHFKHCI-UHFFFAOYSA-N,1,0.5227272727272727
942,YQFJSPKBVMFHRO-UHFFFAOYSA-N,-1,0.7954545454545454
943,YPJVVQVPCSFMFR-UHFFFAOYSA-N,1,1.0
944,BOIRIROCFCNLRO-UHFFFAOYSA-N,1,1.0
945,GGFAMRWITQFLIZ-UHFFFAOYSA-N,1,0.5227272727272727
946,YJNVLUIUBVAGHS-UHFFFAOYSA-N,-1,0.9318181818181818
947,YZMPNZXASGSOQE-UHFFFAOYSA-N,1,0.5227272727272727
948,UVKWBRPLKCMURU-UHFFFAOYSA-N,-1,0.7727272727272727
949,FUSNQODFHNSNIK-UHFFFAOYSA-N,1,1.0
950,AEESLCKBEPGNIG-UHFFFAOYSA-N,-1,0.9318181818181818
951,JZJOXSWNIDEMLX-UHFFFAOYSA-N,1,0.6818181818181818
952,QRXLZYCELOGVAP-UHFFFAOYSA-N,1,1.0
953,VRCGHZUODHSICU-UHFFFAOYSA-N,-1,0.7954545454545454
954,KSKMHATUXSBITF-UHFFFAOYSA-N,-1,0.7727272727272727
955,WYNPILLTICOHJL-SBBCKMOYSA-N,1,0.75
956,LVOXCLRCOXFUTC-QJOMJCCJSA-N,1,0.6136363636363636
957,RWQPGTYWFQOXBW-JWGURIENSA-N,1,0.6136363636363636
958,MSGGYEYOZIEJQW-QJOMJCCJSA-N,1,0.6136363636363636
959,VUCGERVLKHAMPL-AQTBWJFISA-N,-1,0.5227272727272727
960,XKLILWHZXGZBSS-VKAVYKQESA-N,1,0.6136363636363636
961,LPWAPZAPVOKFEL-MOHJPFBDSA-N,1,0.6136363636363636
962,URGARRXOPLIBRM-UHFFFAOYSA-N,1,1.0
963,ABNVVKAVWJYHCL-OPEAARRCSA-N,-1,0.6363636363636364
964,MYPHZBOANNRFAS-JTPVZTEWSA-N,-1,0.6363636363636364
965,XXRJWFOMOOANJW-MKBNCEHSSA-N,-1,0.6363636363636364
966,FTHSNABZISUYPK-VCUSLETLSA-N,-1,0.6363636363636364
967,LDLXUZXDCZGSFP-UHFFFAOYSA-N,1,1.0
968,VWDLGEGODKBJSF-UHFFFAOYSA-N,1,1.0
969,GPVXSKBEYIWWAZ-UHFFFAOYSA-N,1,1.0
970,ZSXMNECZQKFGPO-UHFFFAOYSA-N,1,0.5681818181818182
971,KEOKOKOCLKVPAP-UHFFFAOYSA-N,1,0.6590909090909091
972,LLIBMEGIIXROCS-CMDGGOBGSA-N,1,0.7272727272727273
973,WXKUJBAVJQTAOE-UHFFFAOYSA-N,-1,0.6363636363636364
974,CIDBNRDAXIBNMK-UHFFFAOYSA-N,-1,0.6363636363636364
975,MQJYHVFYOAMBEB-UHFFFAOYSA-N,-1,0.6363636363636364
976,DFVLCZQSRVFFIV-UHFFFAOYSA-N,-1,0.6363636363636364
977,GRWGFIPHTNFQEP-UHFFFAOYSA-N,1,0.6590909090909091
978,XAVPAYZUCGISCN-UHFFFAOYSA-N,-1,0.6363636363636364
979,MCRITNGWHKJMEO-UHFFFAOYSA-N,1,1.0
980,RBRCYNOKJULJMW-UHFFFAOYSA-N,1,0.6590909090909091
981,DGSWVHULFJLFQZ-UHFFFAOYSA-N,1,0.6590909090909091
982,ATNSTQSHEVWREN-UHFFFAOYSA-N,1,0.6590909090909091
983,IKWUDVNLHHVBGX-UHFFFAOYSA-N,-1,0.6363636363636364
984,QWAHQVXCHUPHBF-UHFFFAOYSA-N,1,0.6590909090909091
985,BFZRPGAAYIIACP-UHFFFAOYSA-N,-1,0.9318181818181818
986,IFVGVOZINCJYCC-UHFFFAOYSA-N,1,0.75
987,IGXVWZFQATXMGJ-UHFFFAOYSA-N,-1,0.9318181818181818
988,FQWNERBMGKQJFU-UHFFFAOYSA-N,-1,0.7727272727272727
989,NRKAQHGEBCQUGQ-UHFFFAOYSA-N,1,0.6136363636363636
990,ZAAIYMUKQCYAFP-UHFFFAOYSA-N,1,1.0
991,JYVUIKGJORFUOI-UHFFFAOYSA-N,1,1.0
992,WAVHDZCJPFXPDY-UHFFFAOYSA-N,1,0.6136363636363636
993,VDOTXZVUQOENPZ-UHFFFAOYSA-N,1,0.6136363636363636
994,IAMMRJGFSMZIKS-UHFFFAOYSA-N,1,1.0
995,AYHBKPMIVNFMSQ-UHFFFAOYSA-N,1,1.0
996,ZISWRNQYEFIODX-UHFFFAOYSA-N,1,1.0
997,JUAWTNMXJGPKET-UHFFFAOYSA-N,1,0.6590909090909091
998,HYWSAKRCBCFZNH-UHFFFAOYSA-N,1,0.6590909090909091
999,JKSUBOCXWXIPAH-UHFFFAOYSA-N,1,0.6590909090909091
1000,CIZHGALXLULIQL-UHFFFAOYSA-N,1,0.5909090909090909
1001,BSSPYOFIICQXJV-UHFFFAOYSA-N,-1,0.75
1002,BXOZKUDLANACHV-UHFFFAOYSA-N,1,0.5227272727272727
1003,CQBZVIBMGWUTNG-UHFFFAOYSA-N,-1,0.9090909090909091
1004,UIOJAFHWFVXULQ-LSHDLFTRSA-N,-1,0.8181818181818182
1005,YNZSNBNPCKTORJ-UHFFFAOYSA-N,1,1.0
1006,SDSSXPFTTXHSCY-UHFFFAOYSA-N,1,0.5227272727272727
1007,PONNNKGFVLMJBH-UHFFFAOYSA-N,1,0.5227272727272727
1008,WAEKSRVOKPUDLS-UHFFFAOYSA-N,1,0.6136363636363636
1009,QKZRXOJXOKGBGR-UHFFFAOYSA-N,1,1.0
1010,FYIFAFHTFSTLBS-UHFFFAOYSA-N,-1,0.8409090909090909
1011,JKQOVNUQLBDEMK-UHFFFAOYSA-N,-1,0.8409090909090909
1012,DMRVNGNTKBQFKL-UHFFFAOYSA-N,1,0.5909090909090909
1013,QOKBYUJNOIAGPM-UHFFFAOYSA-N,1,0.5227272727272727
1014,MXVFJFWWEIESAO-UHFFFAOYSA-N,1,0.5227272727272727
1015,CYRFSCHLXCYWIA-UHFFFAOYSA-N,-1,0.8409090909090909
1016,MMWBXUZKVZIXPD-UHFFFAOYSA-N,-1,0.8409090909090909
1017,RSXMCFXTICPSBM-UHFFFAOYSA-N,-1,0.9318181818181818
1018,MFXUMWQBAMVULE-UHFFFAOYSA-N,1,0.5909090909090909
1019,PRKGNUFVOCNFRL-UHFFFAOYSA-N,1,0.5227272727272727
1020,PVHXVOQJKBAVEF-UHFFFAOYSA-N,1,0.6590909090909091
1021,KMKCYSQGJYRNCA-UHFFFAOYSA-N,1,1.0
1022,JUFBMSFYUJSIMR-UHFFFAOYSA-N,1,1.0
1023,QBCHAKWGLHPFKX-UHFFFAOYSA-N,1,1.0
1024,GEEPEXFVHNSLEP-UHFFFAOYSA-N,1,0.6136363636363636
1025,AYBUXRCWUWAADE-UHFFFAOYSA-N,1,1.0
1026,TXHOBYNFGFAOJS-UHFFFAOYSA-N,1,0.6818181818181818
1027,OAGGSASUYYNNOD-UHFFFAOYSA-N,-1,0.9318181818181818
1028,JDKJSACUOQWFBC-UHFFFAOYSA-N,1,0.6136363636363636
1029,HFRHPJJJVLWXMW-UHFFFAOYSA-N,1,0.7045454545454546
1030,FKLNUQFJSGZPTM-UHFFFAOYSA-N,1,0.6818181818181818
1031,BVIMCGSADKVCQF-UHFFFAOYSA-N,1,0.6136363636363636
1032,UUYNHEJWFBBPOG-UHFFFAOYSA-N,1,0.6818181818181818
1033,XHBWMVSQZJHZGQ-UHFFFAOYSA-N,1,0.6818181818181818
1034,DOYZZGUKDWHHRB-UHFFFAOYSA-N,1,0.6818181818181818
1035,JOKCXBSMLLUZDX-UHFFFAOYSA-N,1,0.6818181818181818
1036,AWFNLKCPDSXBJH-UHFFFAOYSA-N,1,0.7045454545454546
1037,BQMKHOKVOGWNQK-UHFFFAOYSA-N,1,0.6136363636363636
1038,KEYLCWJMJBAQMY-UHFFFAOYSA-N,1,0.5227272727272727
1039,XZFOCFVKYRQEKH-UHFFFAOYSA-N,-1,0.9318181818181818
1040,AEOHKNLXPCWKHG-UHFFFAOYSA-N,1,0.6136363636363636
1041,ZWYRGHSXXPDAFC-UHFFFAOYSA-N,1,0.6818181818181818
1042,ZBRHPQMIJNKQHC-UHFFFAOYSA-N,1,0.6590909090909091
1043,CJZISSFJVWOBSQ-UHFFFAOYSA-N,1,0.6818181818181818
1044,FJZHHKGWZXQERI-UHFFFAOYSA-N,1,0.7045454545454546
1045,SFVZLKSDVYSCBC-UHFFFAOYSA-N,1,0.7045454545454546
1046,KIEZWBVEPQUPCF-UHFFFAOYSA-N,1,0.7045454545454546
1047,QOYMOZOQOQXGAP-UHFFFAOYSA-N,1,0.6818181818181818
1048,HLMIGAXSGFYIPD-UHFFFAOYSA-N,1,0.6818181818181818
1049,XCSNBMZBPUBGGS-UHFFFAOYSA-N,-1,0.8181818181818182
1050,RWRPQQHYNXHBCR-UHFFFAOYSA-N,1,0.7045454545454546
1051,JRINKBCLAZHNHX-UHFFFAOYSA-N,-1,0.9318181818181818
1052,GXMQVTJJJFSBCO-UHFFFAOYSA-N,1,0.6818181818181818
1053,KYPJXMVDLIDWCT-UHFFFAOYSA-N,1,0.6818181818181818
1054,IUAKLGLZEFAVLH-UHFFFAOYSA-N,1,0.7045454545454546
1055,YZORSNPYEAUMER-UHFFFAOYSA-N,1,0.6818181818181818
1056,GOSAXKNSXJFZLD-UHFFFAOYSA-N,1,0.6818181818181818
1057,FSBDTLLHHUCMLT-UHFFFAOYSA-N,1,0.6818181818181818
1058,WHOCHMJSDFBNMD-UHFFFAOYSA-N,-1,0.9318181818181818
1059,IUDGCARNTAPSNK-UHFFFAOYSA-N,1,0.6818181818181818
1060,IKGFGKAMNCAYTK-UHFFFAOYSA-N,1,0.6818181818181818
1061,KCBAJVCIPBQHFW-UHFFFAOYSA-N,1,0.6136363636363636
1062,ROIJBWRHVZOGRR-UHFFFAOYSA-N,-1,0.8181818181818182
1063,LOAPXIWWMFEHLR-UHFFFAOYSA-N,1,0.6136363636363636
1064,RPSIOCAXOBWGLL-UHFFFAOYSA-N,1,0.6818181818181818
1065,UCIQSQSQSZPMDU-UHFFFAOYSA-N,1,0.6590909090909091
1066,UVPNFNAXJIWPSG-UHFFFAOYSA-N,1,0.7045454545454546
1067,HZBOWCMZGWAMJM-UHFFFAOYSA-N,1,0.7045454545454546
1068,JSXLONXQJQVPTG-UHFFFAOYSA-N,1,0.6136363636363636
1069,TYVPCTBQZJZUPL-UHFFFAOYSA-N,1,0.7045454545454546
1070,TVDWRZXFEQLOEC-UHFFFAOYSA-N,1,0.6818181818181818
1071,PLUNSWIBOONVTK-UHFFFAOYSA-N,1,0.6818181818181818
1072,FRBFEFUPIIUVCL-UHFFFAOYSA-N,1,0.6136363636363636
1073,ZPVQBQWNPMEYEQ-UHFFFAOYSA-N,-1,0.8181818181818182
1074,PIONWVMQONSXCA-UHFFFAOYSA-N,1,0.6136363636363636
1075,LBVZLCIQAHRGIL-UHFFFAOYSA-N,1,0.6136363636363636
1076,KNIAZNZUVROBLV-UHFFFAOYSA-N,1,0.6136363636363636
1077,YBPLABPSKAHGRZ-UHFFFAOYSA-N,1,0.6818181818181818
1078,DXKLGKKPFOHTKA-UHFFFAOYSA-N,1,0.6590909090909091
1079,ADNCSUCVFVXLDA-UHFFFAOYSA-N,1,0.6590909090909091
1080,KEXMDSZOVJSFOG-UHFFFAOYSA-N,1,0.6590909090909091
1081,ASGSXDZFBBXDIH-UHFFFAOYSA-N,1,0.7045454545454546
1082,OEQQKIIIUITVLN-UHFFFAOYSA-N,1,0.6136363636363636
1083,FOGMULRTTNGANT-UHFFFAOYSA-N,1,0.6818181818181818
1084,RUCZWIVINCNYPC-UHFFFAOYSA-N,1,0.6818181818181818
1085,FMLGFDDALJQPIW-UHFFFAOYSA-N,1,0.6818181818181818
1086,RIJNCPVTIFAOCN-UHFFFAOYSA-N,1,0.5227272727272727
1087,MLIBOSOCCULDSC-UHFFFAOYSA-N,-1,0.7272727272727273
1088,BRCLNOXVIUAMTO-UHFFFAOYSA-N,1,0.6136363636363636
1089,XJKKRSRKVFOVNE-UHFFFAOYSA-N,1,1.0
1090,HEFIJVJMHQVVFY-UHFFFAOYSA-N,-1,0.6818181818181818
1091,DMOQZEGJJHQJJF-UHFFFAOYSA-N,-1,0.7272727272727273
1092,PQKVPIHZAUMYQW-UHFFFAOYSA-N,-1,0.7272727272727273
1093,TUKVCLHNYFGIQB-UHFFFAOYSA-N,-1,0.7045454545454546
1094,DTPHUOIKLOOWJX-UHFFFAOYSA-N,1,0.9318181818181818
1095,IJCWXYWCBYJSAW-UHFFFAOYSA-N,1,0.9318181818181818
1096,KENZCCJLGDMJBX-UHFFFAOYSA-N,1,0.9318181818181818
1097,IBBKRHQKDWMGAK-UHFFFAOYSA-N,1,0.9090909090909091
1098,DJBJZAKDUWZQHX-UHFFFAOYSA-N,1,0.8863636363636364
1099,UWYKJYMUNXTUKR-UHFFFAOYSA-N,1,0.9318181818181818
1100,JSRGPKHEKJYRPL-AUWJEWJLSA-N,1,0.5909090909090909
1101,PBTVALLGLPHWCG-WDZFZDKYSA-N,1,0.6590909090909091
1102,OVTNIJXKKOSBDQ-PDGQHHTCSA-N,-1,0.5227272727272727
1103,ZAXKHMDDOGTCDU-CYVLTUHYSA-N,-1,0.5227272727272727
1104,XDCMCNKQAZUXRV-PDGQHHTCSA-N,1,0.5681818181818182
1105,GUMOMOZDPHQZGQ-ZROIWOOFSA-N,-1,0.5227272727272727
1106,DHMFNPZIZPSJAV-UYRXBGFRSA-N,1,0.5227272727272727
1107,MHRNYRNASVKGNF-UHFFFAOYSA-N,1,0.75
1108,KESCFAXDHDIDKI-UHFFFAOYSA-N,-1,0.7045454545454546
1109,RLXMJIMJWMNKBO-UHFFFAOYSA-N,1,0.6818181818181818
1110,HIBNYOUKGUDXEO-UHFFFAOYSA-N,1,1.0
1111,DBUGCOPXNRZECX-UHFFFAOYSA-N,1,0.6818181818181818
1112,ITQNSMXPOOYVOV-UHFFFAOYSA-N,1,1.0
1113,URQAWDHYWYCPHW-UHFFFAOYSA-N,-1,0.5909090909090909
1114,MYCIFSWVBSMTCP-UHFFFAOYSA-N,1,0.6818181818181818
1115,CCEGJRLFIODALJ-UHFFFAOYSA-N,1,1.0
1116,ZECHCIAFEJTGJQ-UHFFFAOYSA-N,1,0.6818181818181818
1117,LREOROIMNMHYIR-UHFFFAOYSA-N,1,1.0
1118,OARKJJWWSNRTDS-UHFFFAOYSA-N,-1,0.6363636363636364
1119,MZGXZHQTGZODDP-UHFFFAOYSA-N,1,1.0
1120,SDEBQBVLRUGSHZ-UHFFFAOYSA-N,1,1.0
1121,GAOQYDZBZVFKDR-UHFFFAOYSA-N,1,0.6818181818181818
1122,TWFZLBQIVZZYTM-UHFFFAOYSA-N,1,0.6590909090909091
1123,GUFJQLODUJWLKA-UHFFFAOYSA-N,1,1.0
1124,QDYRJODMKVPROZ-UHFFFAOYSA-N,1,1.0
1125,IOEVTOWRGONVCD-UHFFFAOYSA-N,-1,0.6136363636363636
1126,FCIZBOYABXUCNA-UHFFFAOYSA-N,-1,0.6363636363636364
1127,XFEBMLHYXOZZTG-UHFFFAOYSA-N,-1,0.6363636363636364
1128,JMKNJUVPRIWUPE-UHFFFAOYSA-N,1,1.0
1129,OTIWKLLVGQEKJR-UHFFFAOYSA-N,1,0.6590909090909091
1130,KPPIHPKPTQEFJE-UHFFFAOYSA-N,1,1.0
1131,QEVFDNYXLVUNNO-UHFFFAOYSA-N,-1,0.6363636363636364
1132,HBOMHJAUEQVBCN-UHFFFAOYSA-N,-1,0.6363636363636364
1133,RFOYQYGFYQBDNR-UHFFFAOYSA-N,1,1.0
1134,CZTCJKSYUPWCGF-UHFFFAOYSA-N,1,1.0
1135,NPDDAIIKOPAPMM-UHFFFAOYSA-N,-1,0.8181818181818182
1136,ONMYAPBFXLOPIF-UHFFFAOYSA-N,1,1.0
1137,YSCMUUYJLDOPEL-UHFFFAOYSA-N,1,1.0
1138,FJAUZSLXLFZWLU-UHFFFAOYSA-N,1,1.0
1139,ROKJWFNFOKKLOW-UHFFFAOYSA-N,1,1.0
1140,ZHQAXRZJKLNETN-UHFFFAOYSA-N,-1,0.5909090909090909
1141,OFPNJLMBQCEVCC-UHFFFAOYSA-N,-1,0.8181818181818182
1142,XZHDIILHOYSYFB-UHFFFAOYSA-N,-1,0.6363636363636364
1143,MITFLFTWVZXPPF-UHFFFAOYSA-N,1,1.0
1144,QQJMUGAYLKGQDY-UHFFFAOYSA-N,1,1.0
1145,CSGCJYRNOBYAHN-UHFFFAOYSA-N,1,1.0
1146,CCICWUAHWQSFHJ-UHFFFAOYSA-N,1,1.0
1147,MJFWIQKYLLEFNU-UHFFFAOYSA-N,1,1.0
1148,BYLNRECSCMXKGA-UHFFFAOYSA-N,1,1.0
1149,QTMIIGKTTKFZKT-UHFFFAOYSA-N,-1,0.6136363636363636
1150,HTNQMGGIMPWGBV-UHFFFAOYSA-N,1,0.9318181818181818
1151,KRGSFYJEFMYSII-SLEBQGDGSA-N,1,0.6590909090909091
1152,KTNKTMKIAYWJQG-UHFFFAOYSA-N,1,0.75
1153,MCXSBOCMWLXTDN-UHFFFAOYSA-N,1,0.5909090909090909
1154,OVXXLPSMQSJFOQ-UHFFFAOYSA-N,1,0.5909090909090909
1155,VTEBJKIXTOBBCT-UHFFFAOYSA-N,1,0.5909090909090909
1156,VWXYFLIWFJYFFW-UHFFFAOYSA-N,1,0.6590909090909091
1157,FPKZEOVCLPUZDO-UHFFFAOYSA-N,1,1.0
1158,HAPCXWXXDHZDQW-UHFFFAOYSA-N,-1,0.5681818181818182
1159,YBTFLZMYDPWTKC-UHFFFAOYSA-N,1,1.0
1160,OHGZNBMOOVLHFR-HWKANZROSA-N,1,1.0
1161,YBZDFXKFZUDAAC-UHFFFAOYSA-N,-1,0.6136363636363636
1162,CUCCQODDQJYDHL-UHFFFAOYSA-N,1,1.0
1163,POJLWIIYPDNVPE-UHFFFAOYSA-N,1,1.0
1164,YIDDHYKMJJSDHC-UHFFFAOYSA-N,-1,0.6136363636363636
1165,UJVVZEIDERNUNH-UHFFFAOYSA-N,1,1.0
1166,CANSHISPWMMZOH-HWKANZROSA-N,-1,0.6590909090909091
1167,UGJRKPCGNBRYNZ-UHFFFAOYSA-N,-1,0.6363636363636364
1168,SJLWTBDKYQGYLP-UHFFFAOYSA-N,1,1.0
1169,RXAQHRQLIGQSEF-UHFFFAOYSA-N,1,1.0
1170,ANTGDNVDDIVKOM-UHFFFAOYSA-N,1,1.0
1171,SBGGEGBXNPOMAC-ZZXKWVIFSA-N,1,1.0
1172,VJCSJCNFHDFCJI-VMPITWQZSA-N,1,1.0
1173,RHVQWSMLJGXEQH-XBXARRHUSA-N,1,1.0
1174,PGCJUEKBDNMHCT-VBKFSLOCSA-N,-1,0.5227272727272727
1175,DXCGSFQSPNXAOI-UVTDQMKNSA-N,-1,0.5227272727272727
1176,OVCFLXQAXRHHET-VKAVYKQESA-N,-1,0.5227272727272727
1177,ORHBMBIHCPLONZ-HKWRFOASSA-N,-1,0.5227272727272727
1178,WQARTNCHBCACBY-GDNBJRDFSA-N,1,0.6136363636363636
1179,LSKWMGGHWYNLEL-PTNGSMBKSA-N,-1,0.5227272727272727
1180,ZFDZMKNTSVYYHI-PTNGSMBKSA-N,-1,0.5227272727272727
1181,JYYDTABGCHPRPA-UVTDQMKNSA-N,-1,0.5227272727272727
1182,CFRUBGQKNRTBSR-ZROIWOOFSA-N,-1,0.5227272727272727
1183,FOYRUGZKNKBSEU-VBKFSLOCSA-N,1,0.5909090909090909
1184,XEVFILUMFMFULD-WJDWOHSUSA-N,1,0.5227272727272727
1185,CPNFKZPQIAAVCD-RGEXLXHISA-N,1,0.5909090909090909
1186,WUYFFAGMFPXJFP-AQTBWJFISA-N,1,0.5909090909090909
1187,GBLSKCRBPMPSIH-PTNGSMBKSA-N,-1,0.5
1188,BDLAFFVFGPMEQP-PTNGSMBKSA-N,-1,0.5227272727272727
1189,NIMCHTGMWLBOBR-ZSOIEALJSA-N,1,0.5909090909090909
1190,LFTNJFAMRMMXAR-GDNBJRDFSA-N,-1,1.0
1191,HSWXDXZOFXGFKE-VBKFSLOCSA-N,-1,0.5227272727272727
1192,AWISBPGIWAUPIS-VBKFSLOCSA-N,-1,0.5
1193,YHFNFGDIARBZCQ-UHFFFAOYSA-N,1,1.0
1194,RUFITBRDTMUOHC-PTNGSMBKSA-N,-1,0.5227272727272727
1195,CHTKGXUYUUAKRS-UHFFFAOYSA-N,1,1.0
1196,DQOJGEGDQYGYJO-UHFFFAOYSA-N,1,0.6818181818181818
1197,ITUGGEUBCWLZGN-UHFFFAOYSA-N,1,0.6818181818181818
1198,YGMBNFOZZKXCBD-UHFFFAOYSA-N,1,1.0
1199,DVXZJKKOBLHXDS-UHFFFAOYSA-N,1,0.6818181818181818
1200,PALFFZKNSCVLEC-UHFFFAOYSA-N,-1,0.5681818181818182
1201,SLFIVXXZOYCJGB-XMMPIXPASA-N,-1,0.5
1202,KTCQHXWJLQRRLA-UHFFFAOYSA-N,-1,0.9318181818181818
1203,JZLZJINUCQAKJD-UHFFFAOYSA-N,1,1.0
1204,SBWQPQMZGUVVGK-UHFFFAOYSA-N,1,1.0
1205,QEFWCSYIUDCAHT-UHFFFAOYSA-N,1,0.5227272727272727
1206,WIJZKNLGZCMXJZ-PLBGURBNSA-N,1,1.0
1207,KXEPCIDRYLDWBE-UHFFFAOYSA-N,1,1.0
1208,GBMBJCPDNNMWGY-UHFFFAOYSA-N,1,1.0
1209,MPVUUMMZKAQLQE-HDICACEKSA-N,1,0.8863636363636364
1210,NIIUQTFUPFWGRK-BGYRXZFFSA-N,-1,0.5454545454545454
1211,UAPJAVBZRHOAPN-SFHVURJKSA-N,-1,0.6363636363636364
1212,ZNLYASCCGPXBQR-HDICACEKSA-N,-1,0.6590909090909091
1213,FKVQVWZGAQOVSO-KDURUIRLSA-N,-1,0.5227272727272727
1214,VENHPOQTVRCHJV-JJMHJLNJSA-N,1,1.0
1215,INGSPBZTZXSEOA-UHFFFAOYSA-N,-1,0.9545454545454546
1216,KOZFSFOOLUUIGY-DSTIZGRMSA-N,-1,0.6590909090909091
1217,NRDFOMRXSXXTEM-NSCUHMNNSA-N,1,1.0
1218,IGFGOGKMSDOPMO-ZZXKWVIFSA-N,1,1.0
1219,HBEBFUHARBSUQR-UHFFFAOYSA-N,1,1.0
1220,ZAXKBBJFFSPEFV-UHFFFAOYSA-N,1,1.0
1221,AHOUIMHHWJWBNV-UHFFFAOYSA-N,1,1.0
1222,DSLGUZCGVWLDBV-QPJJXVBHSA-N,1,1.0
1223,GDRVRTUWDYEACG-ZDUSSCGKSA-N,1,1.0
1224,NZOUYCUXQQRUNF-NSHDSACASA-N,1,1.0
1225,BORKFJDWZHJYIA-GFCCVEGCSA-N,1,0.6136363636363636
1226,FHJYOQCADPXZHS-ZZXKWVIFSA-N,1,1.0
1227,JLQRADYFPOJVLJ-UHFFFAOYSA-N,-1,0.6363636363636364
1228,NYISQBMJXBCDEP-CMDGGOBGSA-N,1,0.6590909090909091
1229,YEJVYZPFKBPIKG-AATRIKPKSA-N,1,0.6590909090909091
1230,JBULJGRFCMVTLA-AATRIKPKSA-N,1,0.6590909090909091
1231,XBUGBTZCVMDYNI-MDZDMXLPSA-N,1,0.6590909090909091
1232,QXZZPHCKEWLNBI-BQYQJAHWSA-N,1,0.6590909090909091
1233,YVUDJQPCWZYLTL-CSKARUKUSA-N,1,0.6590909090909091
1234,GAKXNKLFSIXQKN-CSKARUKUSA-N,1,1.0
1235,ZUYBWCDJBOILFC-UHFFFAOYSA-N,1,1.0
1236,NBZCOXQLKQKXSX-UHFFFAOYSA-N,1,1.0
1237,CNGROPLMDXUVBB-UHFFFAOYSA-N,1,0.5909090909090909
1238,IKNHQEAFTSNSRB-VOTSOKGWSA-N,1,1.0
1239,LYLKDBBQYSLSHM-VQHVLOKHSA-N,1,1.0
1240,NVSHPIRDGRDDOB-FNORWQNLSA-N,-1,0.6363636363636364
1241,SCZGGXAQLKXIRE-UHFFFAOYSA-N,1,1.0
1242,DXKKNABDERUMNX-UHFFFAOYSA-N,-1,0.6590909090909091
1243,SDYMUBCTDLOTEF-UHFFFAOYSA-N,-1,0.6363636363636364
1244,BLKIBBIQKNFUMP-FNORWQNLSA-N,1,1.0
1245,PUUPCRMBNKAVOV-MDZDMXLPSA-N,1,1.0
1246,HNZKDZXLYNDPNX-UHFFFAOYSA-N,-1,0.6363636363636364
1247,AMSUIZRBLJBCCX-XVNBXDOJSA-N,-1,0.6363636363636364
1248,CCLOLDJDODCDTH-VOTSOKGWSA-N,-1,0.6363636363636364
1249,CKKXVDUFLGRWTH-DUXPYHPUSA-N,1,1.0
1250,MFXURWGDBDQWBQ-UHFFFAOYSA-N,1,1.0
1251,AIGYSQMRSKIHTM-UHFFFAOYSA-N,-1,0.6363636363636364
1252,VXEXAYDHCLMXFS-UHFFFAOYSA-N,1,1.0
1253,QTECWEWNSUDGNT-UHFFFAOYSA-N,1,1.0
1254,GPGZMTPPOHCJRE-HYABQPPKSA-O,-1,0.7727272727272727
1255,YUAWUNMKPARPJD-VZYCLNPTSA-N,-1,0.7727272727272727
1256,MYOUXQLHWTWXON-VZYCLNPTSA-O,-1,0.7727272727272727
1257,WKZTVBCDQYBGBO-SZGTYURGSA-N,-1,0.7045454545454546
1258,SMZYTCQRZVNFFJ-PVAPRNRXSA-N,-1,0.7045454545454546
1259,PBCZSGKMGDDXIJ-YODCGEJZSA-N,-1,0.7045454545454546
1260,YSVVBGPTTSJYPA-XEDQVFLKSA-N,-1,0.7045454545454546
1261,GRENHRYHWHSBLM-VZYCLNPTSA-N,-1,0.7045454545454546
1262,TUBBFDZWFNUZLH-PZFYLCKJSA-N,-1,0.7045454545454546
1263,DRCBMJUPXHWGMN-ZAYHXLHSSA-N,-1,0.7045454545454546
1264,OQSTWXKHTZWKLD-SSRZRBEUSA-N,-1,0.7045454545454546
1265,HPBJQOWLAKYNDM-HWQLMJRHSA-N,-1,0.7045454545454546
1266,MZNUNTIEUOYNNT-PZFYLCKJSA-N,-1,0.7045454545454546
1267,NTUVEMUMVHHACY-SSRZRBEUSA-N,-1,0.7727272727272727
1268,TXBFOGDMTCNBBT-PZFYLCKJSA-N,-1,0.7045454545454546
1269,JDZXLEPJWLCESI-XYRIACETSA-N,-1,0.7045454545454546
1270,FELQRVDTGNDOSI-RJNAIGRJSA-N,-1,0.7045454545454546
1271,OGJTZCZJWZSZBT-PZFYLCKJSA-N,-1,0.7045454545454546
1272,IXOVKVHWGKDXKQ-HRWXUNOHSA-N,-1,0.7045454545454546
1273,TVIALAOHRQNPOI-FYTQPZCRSA-N,-1,0.7045454545454546
1274,XXIWRTOLXWAEJC-YLDZAAMXSA-N,-1,0.7045454545454546
1275,KJGUOQMSLKZPAT-DQRCINHVSA-N,-1,0.7045454545454546
1276,GGQAEINRBKFRGZ-HMUMIOIZSA-N,-1,0.7045454545454546
1277,VWHZWDRIMLETBG-JAVUZYRSSA-N,-1,0.7045454545454546
1278,NRUVICOXXLOXCB-YACNBPEVSA-N,-1,0.7045454545454546
1279,LXUUINCSEPUOLO-VQQNELKUSA-N,-1,0.5681818181818182
1280,RHBWAFDCVFMIFK-PZFYLCKJSA-N,-1,0.7045454545454546
1281,LGSHHKIOBFPSEK-HYABQPPKSA-N,-1,0.7727272727272727
1282,LAOIBIIMKUINJL-YWXKVOIDSA-N,-1,0.7045454545454546
1283,CWFIQHQECWPWQG-PKZFWVFJSA-N,-1,0.7727272727272727
1284,ANLDHJLALLJMCI-SFTDATJTSA-N,-1,0.9318181818181818
1285,ANLDHJLALLJMCI-NHCUHLMSSA-N,-1,0.9318181818181818
1286,FEXWHYQPWAJEEI-UHFFFAOYSA-N,-1,0.7954545454545454
1287,JWVLBJWTJKCQKN-UHFFFAOYSA-N,-1,0.5909090909090909
1288,QADNHRAZNWHMCJ-ZDUSSCGKSA-N,-1,0.6363636363636364
1289,QADNHRAZNWHMCJ-CYBMUJFWSA-N,-1,0.6363636363636364
1290,JTLQEKHDULWNCF-UHFFFAOYSA-N,-1,0.6363636363636364
1291,JBYIZKBRTHBKEA-UHFFFAOYSA-N,-1,0.6590909090909091
1292,YICBDJGDAYFBCU-LBPRGKRZSA-N,-1,0.6363636363636364
1293,YICBDJGDAYFBCU-GFCCVEGCSA-N,-1,0.6363636363636364
1294,UAZVQNGEWYVCDD-UHFFFAOYSA-N,-1,0.9090909090909091
1295,UKKBXHWKVGSVEV-ALOPSCKCSA-N,1,1.0
1296,OGSAUXDHPCZIKW-IBGZPJMESA-N,-1,0.6363636363636364
1297,NOTXADDUUJHIKU-UHFFFAOYSA-N,-1,1.0
1298,YSTNSVPXQQGYGB-IYBDPMFKSA-N,1,0.8863636363636364
1299,NAUDNIRFEAXAJW-QGZVFWFLSA-N,-1,0.6590909090909091
1300,SZYCAYXFUAOARN-UHFFFAOYSA-N,-1,0.5227272727272727
1301,VYSITQZITRMUCD-SFHVURJKSA-N,1,0.6136363636363636
1302,XCCRFHXKSYOCHS-UHFFFAOYSA-N,1,0.6818181818181818
1303,DTZIBXHHAULSHW-UHFFFAOYSA-N,-1,0.5
1304,AVHWOBVGGLKKEK-UHFFFAOYSA-N,-1,0.5
1305,GPOIGAJBANTRJD-UHFFFAOYSA-N,-1,0.6363636363636364
1306,GMHFYROPJLVPCM-UHFFFAOYSA-N,1,1.0
1307,GQOUJAZGRSVDGX-UHFFFAOYSA-N,1,1.0
1308,SZBYJUBQBVBLCG-UHFFFAOYSA-N,1,1.0
1309,YZLDIENXHCQQRG-UHFFFAOYSA-N,-1,1.0
1310,YGWICYDRLXJFOI-UHFFFAOYSA-N,-1,0.6136363636363636
1311,OYTOHRBEMSHEQY-UHFFFAOYSA-N,1,1.0
1312,VJDZABPHUQITLG-DUXPYHPUSA-N,1,1.0
1313,UGSOGNXSVXTHSG-UHFFFAOYSA-N,1,1.0
1314,MBQOLZKCWIMGNL-ZDUSSCGKSA-N,1,0.9318181818181818
1315,OZROAAKMSNVOKX-FYSMJZIKSA-N,1,0.6363636363636364
1316,GZJXAKPSJRSNPS-HWKANZROSA-N,1,1.0
1317,XELZICCXMLOVPX-UHFFFAOYSA-N,1,1.0
1318,HOKWCZMBQNKPKF-FYSMJZIKSA-N,1,0.6590909090909091
1319,MBQOLZKCWIMGNL-CYBMUJFWSA-N,1,0.9318181818181818
1320,BWYWPHBWTDHLGF-UHFFFAOYSA-N,1,1.0
1321,FFCRXWZZNGYYDA-UHFFFAOYSA-N,1,1.0
1322,YMXHAQIYPQGATN-UHFFFAOYSA-N,1,1.0
1323,LRPHBWPBHAKHGB-IBGZPJMESA-N,1,0.9318181818181818
1324,DUWLNUUTEBQUKY-UHFFFAOYSA-N,1,0.7272727272727273
1325,RIGVWSVLTMPQIN-UHFFFAOYSA-N,1,1.0
1326,OZROAAKMSNVOKX-GYCJOSAFSA-N,1,0.6363636363636364
1327,HTLMUUOVDLGGGH-UHFFFAOYSA-N,1,1.0
1328,LOBTXHGFOYHRAM-UHFFFAOYSA-N,1,1.0
1329,CTASQVLZAWKLKO-UHFFFAOYSA-N,1,1.0
1330,WRVCWRJAPOCUSC-UHFFFAOYSA-N,1,0.6590909090909091
1331,GXMMCXKOFTXYLL-IAWMPOBQSA-N,1,0.75
1332,AZGWTBOFUQPROY-UHFFFAOYSA-N,1,1.0
1333,WXZHJUIZQKFEIF-UHFFFAOYSA-N,1,0.75
1334,TUXSAOLOCHXEFR-UHFFFAOYSA-N,1,1.0
1335,AMNNMSUUQVCJLC-UHFFFAOYSA-N,1,1.0
1336,MHIBXQRAKGDQTD-UHFFFAOYSA-N,1,1.0
1337,RPWQEDVBOPFBDT-UHFFFAOYSA-N,1,1.0
1338,VCCZAOHJZAECHL-UHFFFAOYSA-N,1,1.0
1339,IRFVYSZNQKIRQN-UHFFFAOYSA-N,1,1.0
1340,LMSLGHFQYLWYKY-UHFFFAOYSA-N,1,1.0
1341,PODNSSLYECBGRB-UHFFFAOYSA-N,1,1.0
1342,NMLRSBKOYLKHAW-UHFFFAOYSA-N,1,0.6136363636363636
1343,GXLYEAVLPHCXKU-OWOJBTEDSA-N,1,0.6590909090909091
1344,FHNHKAFWHQJIDM-GQCTYLIASA-N,1,1.0
1345,QVFKJDAEBKUBLQ-UHFFFAOYSA-N,-1,0.5909090909090909
1346,SSZKJXGFLXKWKL-UHFFFAOYSA-N,1,0.5227272727272727
1347,YJIKEJDQXIUCCA-GOSISDBHSA-N,1,0.9318181818181818
1348,FLYWVCVFVFBJHA-UHFFFAOYSA-N,-1,0.6363636363636364
1349,SVQWZRWTQKIVAW-UHFFFAOYSA-N,1,1.0
1350,HXKRMSOKTIQJRY-UHFFFAOYSA-N,-1,0.6363636363636364
1351,OZEWGOLLKITRHK-UHFFFAOYSA-N,1,1.0
1352,JFGLOXKNWPNMQT-UHFFFAOYSA-N,1,1.0
1353,FZMROVZIFREMDI-NVNXTCNLSA-N,-1,0.5227272727272727
1354,XXRZMGDHJCRERR-UHFFFAOYSA-N,1,0.6818181818181818
1355,RNXVWNUBSSVYDT-UHFFFAOYSA-N,1,1.0
1356,GOXWZMPAKHIREN-UHFFFAOYSA-N,-1,1.0
1357,IHERRDZSSGENAK-LYOATTTOSA-N,1,0.75
1358,FDEFFERCUGDRGF-OWOJBTEDSA-N,-1,0.9772727272727273
1359,ABHPDIBXJSLJCH-UHFFFAOYSA-N,-1,0.5681818181818182
1360,QNOSKQFVLGQNPL-UHFFFAOYSA-N,1,1.0
1361,HMKJWRGRNHPARW-UHFFFAOYSA-N,-1,0.5681818181818182
1362,YLJIJDQLIKUFQP-UHFFFAOYSA-N,-1,0.5681818181818182
1363,NJTSUZGSZPOGQL-UHFFFAOYSA-N,-1,0.6363636363636364
1364,QHKCIGUPOVTAFN-UHFFFAOYSA-N,-1,0.5681818181818182
1365,FNBTWVKKDXVPPT-UHFFFAOYSA-N,-1,0.5681818181818182
1366,RKOPDZNKHZGGAP-UHFFFAOYSA-N,-1,0.6363636363636364
1367,UCHSTKTUXITXPD-UHFFFAOYSA-N,-1,0.6363636363636364
1368,XMRATPNLXWIFQF-UHFFFAOYSA-N,-1,0.6363636363636364
1369,RBLGTHWNFVDKEN-UHFFFAOYSA-N,-1,0.6363636363636364
1370,ROSBHDBAPDSJTB-UHFFFAOYSA-N,-1,0.5681818181818182
1371,PZOZQTHGJTUIIR-UHFFFAOYSA-N,-1,0.5681818181818182
1372,NBRKXLUNXKKZQQ-UHFFFAOYSA-N,-1,0.5681818181818182
1373,USLZEGSPSFACMJ-UHFFFAOYSA-N,1,0.6590909090909091
1374,AXNVKCJTIOBHOP-UHFFFAOYSA-N,1,0.6590909090909091
1375,TZIJMUJDEGKSIY-UHFFFAOYSA-N,-1,0.7727272727272727
1376,JCCFGLGCOQARHJ-UHFFFAOYSA-N,1,0.6590909090909091
1377,PBYIWTUQVWJWGG-UHFFFAOYSA-N,-1,0.7727272727272727
1378,DRMOQUMSPCCAQT-UHFFFAOYSA-N,1,0.6590909090909091
1379,IOUISCPUADKWOY-UHFFFAOYSA-N,1,0.6590909090909091
1380,MRHQAXORFQPUHM-UHFFFAOYSA-N,1,1.0
1381,HCFVEIBAFYZYNT-UHFFFAOYSA-N,1,1.0
1382,IXTOZPSCSFIWKG-UHFFFAOYSA-N,1,0.6590909090909091
1383,DLNNOPOZUCOTCC-UHFFFAOYSA-N,-1,0.7727272727272727
1384,MXCMWXVTAZGMLZ-UHFFFAOYSA-N,-1,0.7727272727272727
1385,RWHHMARPYBXUIA-UHFFFAOYSA-N,-1,0.5
1386,CCOFIBUWORQGQX-UHFFFAOYSA-N,-1,0.6363636363636364
1387,XIKLUIPLERDJNB-UHFFFAOYSA-N,-1,0.6363636363636364
1388,QOAZSAULACVQGB-QHCPKHFHSA-N,1,0.6818181818181818
1389,BUYWMZLRENTAQH-UHFFFAOYSA-N,-1,0.5
1390,AWLPYCURKUGGPO-QGZVFWFLSA-N,1,0.6818181818181818
1391,AWLPYCURKUGGPO-KRWDZBQOSA-N,1,0.6818181818181818
1392,UIYHAVPFDLVFPY-UHFFFAOYSA-N,1,0.6818181818181818
1393,AQOCDZATWLDITG-JOCHJYFZSA-N,1,0.6818181818181818
1394,UJNFBVMGZWWNPD-HXUWFJFHSA-N,1,1.0
1395,DKVBXSSXOCAXCQ-UHFFFAOYSA-N,1,1.0
1396,YSYXSDHKTFEAGV-CQSZACIVSA-N,1,0.8863636363636364
1397,ZPYLZWYPAQJMMP-CQSZACIVSA-N,1,0.8863636363636364
1398,ZQTYBTPRKOZOBM-GFCCVEGCSA-N,1,0.8863636363636364
1399,FONHTANVJZLRTJ-SOFGYWHQSA-N,-1,0.7272727272727273
1400,KIUOEKOCQXSQRR-KRWDZBQOSA-N,-1,0.5
1401,RZYDSCQQLXDFED-UHFFFAOYSA-N,1,0.7272727272727273
1402,PIYOUDVVHRWUDY-ODCIPOBUSA-N,-1,0.6363636363636364
1403,PVJSPCPUXCXKAZ-ODCIPOBUSA-N,-1,0.6363636363636364
1404,BTMLDVYWWOXTKS-ODCIPOBUSA-N,-1,0.6363636363636364
1405,AZLOADDMGOOUHF-UHFFFAOYSA-N,-1,0.9090909090909091
1406,ZXHCEEQZAPZPIK-UHFFFAOYSA-N,-1,0.5227272727272727
1407,IQZNZTZSSMDQBY-UHFFFAOYSA-N,1,0.6363636363636364
1408,TXCGFFKEHMNXMW-UHFFFAOYSA-N,1,0.6363636363636364
1409,FHHYDNAHSIGPBM-UHFFFAOYSA-N,1,0.6363636363636364
1410,WRDUVFKNAPHABC-UHFFFAOYSA-N,1,0.6363636363636364
1411,KMLDFLPUGHXEIY-UHFFFAOYSA-N,1,0.6363636363636364
1412,GFDGMPXJWNIWCH-UHFFFAOYSA-N,1,0.6363636363636364
1413,AVTDUYXFVKVPJN-UHFFFAOYSA-N,1,0.6363636363636364
1414,JNVKGZGJCPBBBR-ODCIPOBUSA-N,-1,0.6363636363636364
1415,KJNSJDSFDDGSRP-YSURURNPSA-N,-1,0.5227272727272727
1416,GENGETSYCDWJLC-DNTJNYDQSA-N,-1,0.5227272727272727
1417,ANWUZBLJQPVLBT-OOEWDAAOSA-N,-1,0.6363636363636364
1418,PBEKNLVOPCCYOM-UHFFFAOYSA-N,-1,0.6363636363636364
1419,OCNSVGBDZKFTNJ-UHFFFAOYSA-N,1,1.0
1420,HYASNVQCRPROMH-BHGWPJFGSA-N,-1,0.5227272727272727
1421,SBVWEGLNKYTKIN-KIBLKLHPSA-N,-1,0.5227272727272727
1422,GQOKPRHVQILNDL-BHGWPJFGSA-N,-1,0.8863636363636364
1423,CIMMYMRVFQIWKF-NSKAYECMSA-N,-1,0.5909090909090909
1424,VFPRUPGXGSQXHH-LSFURLLWSA-N,-1,0.6363636363636364
1425,HJMXHOQXSXWSLK-LSFURLLWSA-N,-1,0.6363636363636364
1426,TWGZTGSEYNBUIF-NSKAYECMSA-N,-1,0.5909090909090909
1427,DSYODOCVSQNEAB-KIBLKLHPSA-N,-1,0.8863636363636364
1428,OEZZKBPAFMEWHF-AUEPDCJTSA-N,-1,0.6363636363636364
1429,YKRHDGIUGABJIQ-SNAWJCMRSA-N,1,1.0
1430,XCSJCJRXURHEPP-UHFFFAOYSA-N,1,1.0
1431,LKFCCWRGPZEKCD-UHFFFAOYSA-N,-1,0.5909090909090909
1432,KZKKJWVBJRXDNT-UHFFFAOYSA-N,-1,1.0
1433,NGTCMGZWXNNVIR-BDQAORGHSA-N,1,1.0
1434,HSHQRBIHBACMIV-JOCHJYFZSA-N,1,1.0
1435,AZAWWFXBRYGUSO-UHFFFAOYSA-N,1,1.0
1436,WUEHOFGQQIHZRX-ZJFPTPTDSA-N,1,1.0
1437,BMEUEBJYUZATHM-ZJFPTPTDSA-N,1,1.0
1438,AJZCFICTCZXLKQ-MRXNPFEDSA-N,1,1.0
1439,MQARGKOQALMYGW-UHFFFAOYSA-N,1,1.0
1440,LMQVNFSZYTZWEU-UHFFFAOYSA-N,1,1.0
1441,CUHWFKBVLWDDIA-UHFFFAOYSA-N,1,1.0
1442,VDONGYVJKVVQBX-UHFFFAOYSA-N,1,1.0
1443,UTMCNVSJQGUMJQ-UHFFFAOYSA-N,1,1.0
1444,OYRVFBMCXIZBLP-UHFFFAOYSA-N,1,1.0
1445,XEPWGEOBMZORBO-UHFFFAOYSA-N,1,0.9318181818181818
1446,NVHVXHXRLUFKGK-UHFFFAOYSA-N,1,1.0
1447,ZMZGZWILBUQZMM-UHFFFAOYSA-N,1,1.0
1448,YANRXLULEKRKKV-UHFFFAOYSA-N,1,0.9318181818181818
1449,UOTCBUHVEWQJDZ-UHFFFAOYSA-N,1,1.0
1450,JIPPFOPOCGYLTC-UHFFFAOYSA-N,1,0.6590909090909091
1451,CJDAEXOKSPUSGV-UHFFFAOYSA-N,1,1.0
1452,FHXYPEXZBHMTNO-UHFFFAOYSA-N,1,1.0
1453,SSYQFUUWDAOHQR-KIBLKLHPSA-N,-1,0.5227272727272727
1454,BHWHVIDCMVEXPT-JQAMDZJQSA-N,-1,0.5227272727272727
1455,SINFIRJIYNSMON-UHFFFAOYSA-N,-1,0.6136363636363636
1456,KRHAMWDZIAYNRO-UHFFFAOYSA-N,-1,0.5681818181818182
1457,ZLJULFCUCOAMGL-UHFFFAOYSA-N,-1,0.6363636363636364
1458,KGFQIXBUWAUALY-UHFFFAOYSA-N,1,1.0
1459,WNVPUZWLLHQKBE-UHFFFAOYSA-N,1,1.0
1460,IARIVKMKTBHPLI-UHFFFAOYSA-N,1,1.0
1461,PWBDHIOSEIXABI-UHFFFAOYSA-N,-1,0.5681818181818182
1462,ZFDMYDKERGJMHC-UHFFFAOYSA-N,1,1.0
1463,RVKRTLCFHWWRFX-UHFFFAOYSA-N,-1,0.6363636363636364
1464,AOFVYVAOMQIUTF-UHFFFAOYSA-N,1,1.0
1465,VYKOEQIDDPSCMR-UHFFFAOYSA-N,-1,0.6363636363636364
1466,XPVPLOIYNJSVQH-UHFFFAOYSA-N,-1,0.5681818181818182
1467,NRECGTITQNKAHG-UHFFFAOYSA-N,-1,0.6363636363636364
1468,GNYQLVURTZNJCP-UHFFFAOYSA-N,1,1.0
1469,MKEVLUDXAOMBRI-UHFFFAOYSA-N,1,1.0
1470,UAAMRDCKAJZVEG-UHFFFAOYSA-N,-1,0.5681818181818182
1471,ZUHHTXDBLFPATQ-UHFFFAOYSA-N,-1,0.6363636363636364
1472,GDJUFRYOYCJPMY-UHFFFAOYSA-N,-1,0.6363636363636364
1473,JRWAOQZFSPOMJS-UHFFFAOYSA-N,1,1.0
1474,DRKPCZKOXLIIFW-UHFFFAOYSA-N,1,1.0
1475,LKFCCWRGPZEKCD-UHFFFAOYSA-N,-1,0.5909090909090909
1476,KZKKJWVBJRXDNT-UHFFFAOYSA-N,-1,1.0
1477,HJKUYCXSJPAIDR-UHFFFAOYSA-N,1,0.9318181818181818
1478,DEWCBJWBGDCNKL-UHFFFAOYSA-N,1,1.0
1479,JYCGVITWWVVJAH-UHFFFAOYSA-N,-1,0.5
1480,FWIZCZWGRAELID-UHFFFAOYSA-N,1,0.9318181818181818
1481,GJEDEPONCINEJD-UHFFFAOYSA-N,1,1.0
1482,RBJIBZSBINMWTL-NSHDSACASA-N,1,1.0
1483,QVNWWYDNYRZEPL-CQSZACIVSA-N,1,1.0
1484,WUWJIZBBFGUGOX-CYBMUJFWSA-N,1,1.0
1485,VRUUXCWRPSNUPU-GFCCVEGCSA-N,1,1.0
1486,SQHIAWUARMTGCM-CYBMUJFWSA-N,1,1.0
1487,DUCQXMQEIJECOI-UHFFFAOYSA-N,1,1.0
1488,RBJIBZSBINMWTL-LLVKDONJSA-N,1,1.0
1489,IKPTVKWSNLXTGF-KIBLKLHPSA-N,-1,0.8863636363636364
1490,VJGQCVUYIXJYHX-UHFFFAOYSA-N,-1,0.5
1491,HQWATXWFMHFAED-UHFFFAOYSA-N,1,0.9318181818181818
1492,ZFXPCQANORRHLP-QGZVFWFLSA-N,1,0.9318181818181818
1493,YKASGRKQVHUURJ-UHFFFAOYSA-N,1,0.9318181818181818
1494,UGKKFBPJDSMVTD-UHFFFAOYSA-N,1,1.0
1495,XPNCYXAYYVJLPM-UHFFFAOYSA-N,1,0.7045454545454546
1496,ABEUWSGIUZNWMQ-UHFFFAOYSA-N,1,1.0
1497,VBNCKTVKZOLLBE-KRWDZBQOSA-N,1,0.9318181818181818
1498,WJWHKADEASWSEO-IBGZPJMESA-N,1,0.9318181818181818
1499,PSASXDQLCWNUNB-KIBLKLHPSA-N,-1,0.6363636363636364
1500,HGFUESBBNHODPH-KBKYJPHKSA-N,1,1.0
1501,RYORQYLWKMKTHR-FOKLQQMPSA-N,-1,0.7954545454545454
1502,XGGGPOLGZSRZOL-UHFFFAOYSA-N,1,1.0
1503,OGUXKRNIPCTEEC-UHFFFAOYSA-N,1,0.6590909090909091
1504,VMLAOAUFZWGNGW-UHFFFAOYSA-N,1,1.0
1505,UJXCIJONVLQDIH-UHFFFAOYSA-N,1,0.5909090909090909
1506,SBMOQZCUXDDYCF-UHFFFAOYSA-N,1,1.0
1507,NAHQXENZNNOTLN-UHFFFAOYSA-N,1,1.0
1508,JMZSKXSWBOULEV-AFDUHFSSSA-N,1,0.6136363636363636
1509,YZWWKNGNRQQJTA-JWGURIENSA-N,1,0.7045454545454546
1510,OZBUICOPKRWJEX-QNGOZBTKSA-N,1,0.7045454545454546
1511,VANNAHPPIXBGHI-UHFFFAOYSA-N,1,1.0
1512,ZVNRKXBUZQLQIR-UHFFFAOYSA-N,1,1.0
1513,FSHWVSHVUPVSSS-UHFFFAOYSA-N,1,1.0
1514,XSKXMCLZEFGHHG-UHFFFAOYSA-N,1,1.0
1515,VDQCIRZINQHPFX-UHFFFAOYSA-N,1,0.6590909090909091
1516,IMFBYAQQUPZHQL-UHFFFAOYSA-N,1,0.6590909090909091
1517,LGWWCLPOYAGZTA-UHFFFAOYSA-N,-1,0.5
1518,SCMZLOXWPMDILM-UHFFFAOYSA-N,1,0.6590909090909091
1519,MGQRZPCERZTCIE-UHFFFAOYSA-N,1,0.6590909090909091
1520,FSNJTTVADOTNBL-UHFFFAOYSA-N,1,0.6590909090909091
1521,MNDWOIIXRZWARH-UHFFFAOYSA-N,1,0.6590909090909091
1522,QOHTVGXPLDIDBH-UHFFFAOYSA-N,1,0.6590909090909091
1523,AAIYMGHZFFWYKD-UHFFFAOYSA-N,1,0.6590909090909091
1524,SQALHNCQSZDXGI-UHFFFAOYSA-N,1,1.0
1525,BAMPYQZDVXGSDY-UHFFFAOYSA-N,1,1.0
1526,ODPGIHAQQDBQBZ-UHFFFAOYSA-N,1,0.6363636363636364
1527,JNZWDBDUBZUBGV-UHFFFAOYSA-N,1,0.6590909090909091
1528,MTPNMHSUAHXHTK-HKWRFOASSA-N,1,0.6136363636363636
1529,MEARPFDKLPBLHU-QNGOZBTKSA-N,1,0.7045454545454546
1530,FKFDLNRCTYYVJZ-XLNRJJMWSA-N,1,0.6136363636363636
1531,DCEOHAOPDXAAHK-RUAJRXAUSA-N,1,0.7045454545454546
1532,OQNRYHFRFWMLMY-GABTWENZSA-N,1,0.6136363636363636
1533,AOBPSIWRPXFCKF-AQTBWJFISA-N,1,0.6136363636363636
1534,VIYUZCQFZJUNGK-UHFFFAOYSA-N,1,1.0
1535,VKXQKTZCCSLMMF-UHFFFAOYSA-N,1,0.7045454545454546
1536,YAGPXZCRMOCRLK-UHFFFAOYSA-N,1,1.0
1537,RDUOHFCPFGJCSM-GOSISDBHSA-N,1,1.0
1538,RNCYRKSQPJBHAB-UHFFFAOYSA-N,1,0.6590909090909091
1539,YHFHNFGWJTZIIK-UHFFFAOYSA-N,1,0.9318181818181818
